geo,nace_r2,year,birth_rate,death_rate,high_growth_share,survival_3y
AT,B,2013,4.87,4.64,4.31,57.89
AT,B,2014,4.33,3.61,5.88,78.95
AT,B,2015,4.04,3.03,8.62,50.0
AT,B,2016,4.17,1.82,4.27,66.67
AT,B,2017,1.87,2.14,7.5,77.78
AT,B,2018,3.25,3.52,5.88,81.25
AT,B,2019,3.85,2.75,4.2,43.75
AT,B,2020,2.2,2.48,3.48,71.43
AT,C,2013,4.97,3.61,7.04,72.7
AT,C,2014,4.66,3.45,5.56,73.2
AT,C,2015,4.37,3.42,5.35,72.43
AT,C,2016,5.14,3.75,6.13,73.99
AT,C,2017,4.67,3.13,6.64,77.86
AT,C,2018,4.37,2.83,7.06,78.02
AT,C,2019,4.21,3.62,7.19,74.27
AT,C,2020,4.27,3.11,5.73,75.18
AT,D,2013,11.03,3.89,5.63,81.59
AT,D,2014,6.29,2.98,5.56,84.03
AT,D,2015,5.92,2.55,6.67,86.14
AT,D,2016,3.76,2.61,6.62,84.41
AT,D,2017,2.93,2.42,4.96,85.34
AT,D,2018,3.41,2.47,4.26,81.48
AT,D,2019,3.17,4.59,5.63,84.44
AT,D,2020,3.85,2.31,8.76,77.88
AT,E,2013,4.44,2.53,6.49,71.25
AT,E,2014,3.86,2.76,5.33,76.84
AT,E,2015,2.68,2.41,3.73,76.71
AT,E,2016,2.86,2.35,5.79,79.14
AT,E,2017,2.33,2.73,6.17,81.15
AT,E,2018,1.96,2.4,7.44,70.0
AT,E,2019,2.37,3.7,6.61,81.18
AT,E,2020,2.27,1.86,8.55,75.36
AT,F,2013,7.67,6.08,6.91,67.79
AT,F,2014,7.7,5.82,6.3,65.27
AT,F,2015,7.4,5.2,5.99,66.32
AT,F,2016,7.06,5.51,7.15,63.07
AT,F,2017,6.74,4.62,7.78,66.84
AT,F,2018,6.35,3.94,8.03,66.86
AT,F,2019,6.32,4.26,9.32,68.59
AT,F,2020,5.71,3.46,7.91,72.03
AT,G,2013,7.14,6.36,5.44,62.09
AT,G,2014,7.62,6.27,6.25,60.76
AT,G,2015,7.31,6.13,5.4,60.28
AT,G,2016,7.86,6.74,5.73,62.96
AT,G,2017,6.95,5.5,6.17,64.3
AT,G,2018,6.15,5.06,6.29,63.14
AT,G,2019,6.26,5.72,6.72,62.52
AT,G,2020,6.2,4.46,6.24,64.37
AT,H,2013,8.38,8.61,7.52,60.09
AT,H,2014,8.05,7.57,7.41,56.9
AT,H,2015,7.84,6.91,6.75,55.23
AT,H,2016,9.3,7.51,7.86,57.09
AT,H,2017,9.04,7.2,8.88,63.1
AT,H,2018,9.6,6.91,8.3,62.54
AT,H,2019,9.38,8.37,8.75,61.0
AT,H,2020,7.14,6.35,7.91,62.58
AT,I,2013,6.05,6.14,6.13,57.91
AT,I,2014,6.6,5.93,6.22,57.06
AT,I,2015,6.9,6.4,6.62,59.26
AT,I,2016,7.39,6.68,6.82,60.25
AT,I,2017,7.0,6.1,7.5,60.47
AT,I,2018,6.13,5.49,7.25,60.92
AT,I,2019,6.37,6.52,7.49,59.99
AT,I,2020,5.24,5.03,3.41,59.18
AT,J,2013,7.89,5.93,11.15,71.92
AT,J,2014,7.95,5.47,12.08,69.05
AT,J,2015,7.52,5.2,11.31,70.25
AT,J,2016,7.97,5.67,12.0,70.8
AT,J,2017,7.32,4.68,14.44,73.0
AT,J,2018,7.47,4.02,15.92,69.35
AT,J,2019,6.87,5.01,17.89,67.96
AT,J,2020,6.51,3.65,19.32,70.24
AT,L,2013,4.24,2.02,3.55,72.79
AT,L,2014,3.15,2.73,6.05,76.2
AT,L,2015,4.84,2.24,5.61,73.0
AT,L,2016,3.96,2.82,7.56,73.76
AT,L,2017,4.66,2.0,8.43,73.36
AT,L,2018,3.75,1.55,7.03,77.68
AT,L,2019,2.45,1.88,6.2,82.13
AT,L,2020,2.49,2.45,6.98,82.12
AT,M,2013,7.03,5.8,6.91,65.8
AT,M,2014,6.65,4.48,8.65,63.13
AT,M,2015,6.17,4.59,7.3,67.12
AT,M,2016,6.56,4.69,7.84,71.95
AT,M,2017,5.89,4.03,9.02,73.55
AT,M,2018,5.77,3.51,11.26,70.36
AT,M,2019,5.14,4.69,11.28,70.65
AT,M,2020,4.51,3.64,9.96,71.29
AT,N,2013,12.8,10.36,10.6,58.02
AT,N,2014,11.73,9.84,11.1,54.34
AT,N,2015,11.14,8.33,10.98,51.95
AT,N,2016,10.91,8.03,12.89,56.39
AT,N,2017,10.05,6.57,15.29,63.26
AT,N,2018,10.1,6.16,14.57,62.76
AT,N,2019,9.22,6.89,12.93,64.35
AT,N,2020,8.08,5.83,9.24,63.48
BE,B,2013,2.41,2.01,4.44,50.0
BE,B,2014,2.52,3.36,2.13,66.67
BE,B,2015,3.45,0.0,2.22,81.82
BE,B,2016,0.89,1.79,0.0,83.33
BE,B,2017,3.65,1.83,0.0,83.33
BE,B,2018,5.17,2.3,0.0,75.0
BE,B,2019,3.17,2.65,2.86,100.0
BE,B,2020,4.97,3.31,0.0,62.5
BE,C,2013,3.69,3.41,6.12,77.69
BE,C,2014,4.27,3.35,5.77,76.87
BE,C,2015,4.66,2.58,6.09,74.2
BE,C,2016,4.62,2.62,6.64,75.62
BE,C,2017,4.85,2.48,7.93,77.3
BE,C,2018,5.47,2.73,5.73,77.69
BE,C,2019,5.67,2.58,6.31,78.8
BE,C,2020,5.54,2.94,5.28,77.84
BE,D,2013,3.52,2.24,14.71,90.22
BE,D,2014,5.38,1.69,13.16,89.01
BE,D,2015,4.99,1.36,11.63,84.62
BE,D,2016,2.75,1.16,8.16,95.45
BE,D,2017,4.43,1.94,10.0,85.71
BE,D,2018,4.3,0.83,5.0,72.73
BE,D,2019,6.18,0.7,12.24,73.68
BE,D,2020,8.77,2.19,4.17,78.13
BE,E,2013,4.46,2.95,12.8,76.12
BE,E,2014,4.88,3.11,8.53,79.1
BE,E,2015,4.82,2.12,8.61,73.12
BE,E,2016,3.23,1.94,11.86,67.74
BE,E,2017,4.67,2.01,14.23,76.81
BE,E,2018,4.94,1.32,10.67,69.12
BE,E,2019,5.65,1.28,10.93,80.0
BE,E,2020,5.4,2.37,6.56,80.0
BE,F,2013,6.13,4.07,7.26,76.53
BE,F,2014,6.76,3.7,6.45,77.45
BE,F,2015,7.19,2.85,6.39,72.77
BE,F,2016,6.9,2.88,6.36,73.55
BE,F,2017,6.99,2.95,7.96,74.37
BE,F,2018,7.13,3.01,6.22,74.87
BE,F,2019,8.37,3.12,6.71,77.76
BE,F,2020,8.81,3.1,6.07,76.68
BE,G,2013,4.73,4.28,7.27,73.02
BE,G,2014,5.28,4.16,6.81,71.63
BE,G,2015,5.61,3.29,6.81,68.62
BE,G,2016,5.4,3.63,6.87,68.77
BE,G,2017,5.2,3.33,7.48,69.23
BE,G,2018,5.31,3.39,5.33,70.15
BE,G,2019,5.5,3.19,6.19,72.23
BE,G,2020,5.78,3.28,5.44,72.79
BE,H,2013,5.54,4.98,8.2,69.7
BE,H,2014,6.04,4.54,8.2,71.52
BE,H,2015,6.28,3.47,8.79,65.93
BE,H,2016,6.96,3.65,9.81,67.44
BE,H,2017,7.32,3.47,10.29,70.56
BE,H,2018,8.38,3.57,9.32,68.58
BE,H,2019,8.09,3.41,10.86,72.57
BE,H,2020,6.87,3.57,8.73,71.26
BE,I,2013,7.97,6.56,6.5,61.7
BE,I,2014,8.86,6.26,5.76,63.44
BE,I,2015,8.98,5.49,5.4,61.8
BE,I,2016,8.8,5.52,6.25,59.25
BE,I,2017,8.46,5.23,7.47,61.24
BE,I,2018,8.48,5.2,6.85,62.81
BE,I,2019,8.1,5.06,7.16,68.27
BE,I,2020,6.62,4.31,3.1,66.73
BE,J,2013,7.34,4.02,13.88,73.54
BE,J,2014,8.59,4.4,13.07,73.03
BE,J,2015,9.06,2.87,13.28,71.03
BE,J,2016,8.63,3.21,16.4,69.98
BE,J,2017,9.36,2.94,16.93,72.59
BE,J,2018,9.76,2.82,12.2,72.72
BE,J,2019,9.45,2.78,15.88,77.18
BE,J,2020,7.97,3.55,13.86,76.75
BE,L,2013,1.97,2.85,3.49,84.9
BE,L,2014,3.79,2.51,5.28,85.04
BE,L,2015,4.09,1.01,4.65,79.47
BE,L,2016,4.51,2.15,4.8,75.0
BE,L,2017,4.72,1.5,7.69,84.68
BE,L,2018,4.43,1.8,3.93,83.01
BE,L,2019,4.51,1.14,6.48,86.95
BE,L,2020,4.45,1.74,6.67,86.97
BE,M,2013,4.81,3.58,9.85,82.45
BE,M,2014,6.44,4.12,9.94,81.62
BE,M,2015,6.23,2.38,10.2,76.26
BE,M,2016,6.08,3.12,10.39,73.37
BE,M,2017,6.31,2.67,12.09,77.43
BE,M,2018,6.83,2.81,8.09,77.76
BE,M,2019,7.99,2.61,9.69,80.77
BE,M,2020,7.48,3.27,9.02,80.78
BE,N,2013,5.94,4.09,14.92,75.73
BE,N,2014,6.54,4.08,16.06,74.14
BE,N,2015,7.4,2.98,16.92,70.28
BE,N,2016,6.77,3.34,17.72,69.29
BE,N,2017,7.0,3.08,17.72,70.24
BE,N,2018,7.44,3.19,14.9,72.44
BE,N,2019,7.79,3.07,15.04,74.21
BE,N,2020,7.25,3.4,11.6,73.98
BG,B,2013,9.87,9.19,8.51,41.67
BG,B,2014,6.99,8.62,7.03,50.0
BG,B,2015,7.24,10.05,7.58,63.04
BG,B,2016,7.99,10.9,6.87,59.09
BG,B,2017,6.12,7.71,6.56,43.33
BG,B,2018,6.52,16.85,5.98,54.84
BG,B,2019,4.93,6.25,7.14,45.45
BG,B,2020,2.9,10.32,8.26,43.48
BG,C,2013,8.57,7.89,11.56,61.63
BG,C,2014,8.49,7.62,10.8,65.8
BG,C,2015,8.67,7.44,10.83,67.9
BG,C,2016,8.92,8.49,11.7,68.4
BG,C,2017,8.39,7.28,11.1,67.47
BG,C,2018,7.93,9.21,10.2,65.64
BG,C,2019,7.85,9.5,9.39,63.39
BG,C,2020,6.25,8.58,7.2,61.58
BG,D,2013,4.83,6.99,4.31,67.29
BG,D,2014,4.09,7.21,4.88,69.64
BG,D,2015,3.23,6.41,4.51,76.45
BG,D,2016,3.78,8.36,6.15,61.17
BG,D,2017,3.33,2.71,9.77,59.52
BG,D,2018,2.77,8.36,11.02,47.62
BG,D,2019,5.78,3.82,6.25,29.58
BG,D,2020,15.01,16.72,11.71,49.15
BG,E,2013,10.72,9.08,7.75,68.6
BG,E,2014,12.22,8.15,5.88,66.35
BG,E,2015,12.34,9.25,8.33,60.64
BG,E,2016,11.67,10.76,9.39,57.65
BG,E,2017,8.15,7.67,10.0,56.57
BG,E,2018,6.52,10.39,7.57,61.54
BG,E,2019,7.21,6.95,8.76,65.69
BG,E,2020,6.27,7.8,7.69,52.94
BG,F,2013,12.51,11.89,11.81,49.16
BG,F,2014,13.82,11.91,12.75,54.53
BG,F,2015,14.55,13.4,13.13,53.57
BG,F,2016,15.35,15.24,12.91,54.38
BG,F,2017,15.59,12.83,12.07,47.98
BG,F,2018,14.94,14.17,12.18,49.5
BG,F,2019,14.65,13.84,13.44,49.32
BG,F,2020,13.33,13.38,13.0,46.8
BG,G,2013,12.78,11.08,9.69,54.53
BG,G,2014,11.84,10.95,10.01,56.32
BG,G,2015,11.72,10.66,9.82,58.82
BG,G,2016,12.38,12.18,10.26,56.23
BG,G,2017,12.05,10.64,10.82,54.84
BG,G,2018,11.37,11.84,10.99,55.55
BG,G,2019,11.69,13.8,10.03,55.23
BG,G,2020,8.89,13.87,8.75,53.95
BG,H,2013,12.48,9.25,14.84,58.0
BG,H,2014,13.31,8.78,15.65,69.4
BG,H,2015,12.85,8.51,13.91,68.63
BG,H,2016,14.17,9.74,14.74,72.7
BG,H,2017,11.56,9.6,13.3,69.04
BG,H,2018,10.45,10.06,13.34,69.11
BG,H,2019,9.65,11.85,11.62,66.23
BG,H,2020,8.39,10.78,10.2,62.34
BG,I,2013,14.15,13.73,8.18,46.75
BG,I,2014,14.29,13.61,7.22,47.06
BG,I,2015,13.76,13.85,7.29,50.8
BG,I,2016,14.08,15.15,8.09,48.69
BG,I,2017,14.69,14.06,8.67,47.69
BG,I,2018,14.4,15.53,9.42,46.82
BG,I,2019,14.57,17.57,9.75,48.15
BG,I,2020,10.73,14.58,4.87,44.72
BG,J,2013,13.82,7.94,13.7,66.76
BG,J,2014,13.85,8.21,16.36,69.36
BG,J,2015,15.06,8.06,12.74,68.85
BG,J,2016,15.02,9.67,13.72,67.69
BG,J,2017,14.2,9.01,15.06,68.75
BG,J,2018,14.07,9.68,17.17,67.36
BG,J,2019,13.13,10.42,17.31,63.69
BG,J,2020,11.01,15.89,16.48,61.74
BG,L,2013,10.04,9.8,6.76,45.31
BG,L,2014,11.24,10.94,6.85,46.59
BG,L,2015,11.2,12.2,6.68,49.15
BG,L,2016,11.31,15.26,8.08,49.34
BG,L,2017,11.22,10.36,6.68,41.6
BG,L,2018,10.43,12.35,6.31,45.85
BG,L,2019,10.41,11.32,5.1,42.99
BG,L,2020,8.66,24.72,4.76,46.53
BG,M,2013,10.55,8.06,9.97,63.45
BG,M,2014,11.17,8.08,9.85,67.39
BG,M,2015,11.95,8.63,10.18,64.43
BG,M,2016,12.8,10.74,10.37,65.92
BG,M,2017,12.03,8.87,10.38,61.58
BG,M,2018,11.19,10.22,11.68,60.17
BG,M,2019,10.76,10.33,11.16,59.45
BG,M,2020,8.36,16.91,10.63,59.24
BG,N,2013,12.76,9.22,12.85,63.84
BG,N,2014,12.93,9.77,13.62,67.21
BG,N,2015,12.33,8.94,13.21,67.62
BG,N,2016,12.71,11.31,12.47,65.14
BG,N,2017,11.61,9.96,12.84,61.83
BG,N,2018,11.0,11.83,13.7,61.8
BG,N,2019,11.12,12.67,13.33,59.02
BG,N,2020,8.26,18.05,12.45,56.13
CZ,B,2013,5.87,3.91,5.6,59.46
CZ,B,2014,9.46,6.14,0.88,63.41
CZ,B,2015,8.83,3.64,5.31,72.5
CZ,B,2016,5.29,6.05,9.26,66.67
CZ,B,2017,8.19,3.23,11.21,51.35
CZ,B,2018,8.08,5.94,7.34,73.53
CZ,B,2019,6.24,4.8,7.77,80.95
CZ,B,2020,7.95,4.77,6.86,72.73
CZ,C,2013,6.45,6.79,11.54,60.47
CZ,C,2014,9.74,7.23,8.74,59.68
CZ,C,2015,8.85,7.15,11.54,62.84
CZ,C,2016,9.13,7.15,12.33,64.73
CZ,C,2017,9.13,6.77,12.0,62.77
CZ,C,2018,9.76,6.81,11.02,63.5
CZ,C,2019,7.94,8.11,9.0,64.92
CZ,C,2020,7.17,7.07,6.98,64.94
CZ,D,2013,15.47,1.11,9.14,93.71
CZ,D,2014,13.31,1.52,6.36,92.98
CZ,D,2015,3.54,3.01,7.9,93.34
CZ,D,2016,1.52,1.92,8.54,90.68
CZ,D,2017,1.39,1.77,6.99,83.43
CZ,D,2018,1.93,1.89,6.71,78.97
CZ,D,2019,1.5,2.24,5.58,80.84
CZ,D,2020,1.28,2.16,6.79,83.02
CZ,E,2013,6.68,6.68,10.69,59.67
CZ,E,2014,6.74,7.23,8.03,64.46
CZ,E,2015,6.36,5.91,8.56,62.23
CZ,E,2016,7.32,6.76,10.44,65.97
CZ,E,2017,7.07,6.17,8.65,65.02
CZ,E,2018,6.52,5.9,11.92,66.58
CZ,E,2019,8.07,6.34,8.7,68.09
CZ,E,2020,8.48,6.41,7.47,67.54
CZ,F,2013,6.3,8.75,6.66,55.79
CZ,F,2014,8.05,7.96,5.49,55.41
CZ,F,2015,7.86,7.71,6.8,56.28
CZ,F,2016,7.96,7.58,7.57,61.0
CZ,F,2017,8.11,6.96,8.15,60.87
CZ,F,2018,8.65,7.06,9.45,62.45
CZ,F,2019,7.89,7.92,9.07,64.46
CZ,F,2020,7.37,7.33,9.16,63.71
CZ,G,2013,9.06,9.45,9.9,53.08
CZ,G,2014,9.96,8.71,7.57,50.74
CZ,G,2015,9.36,8.45,9.54,52.84
CZ,G,2016,9.76,9.5,10.3,55.72
CZ,G,2017,10.32,8.64,11.19,59.59
CZ,G,2018,9.32,7.68,11.87,60.02
CZ,G,2019,9.47,8.69,11.22,61.19
CZ,G,2020,8.92,8.53,8.84,62.96
CZ,H,2013,4.64,7.48,13.62,59.15
CZ,H,2014,6.49,7.62,11.39,59.79
CZ,H,2015,5.95,6.61,14.51,62.76
CZ,H,2016,6.37,6.88,14.61,66.42
CZ,H,2017,8.01,6.88,15.87,62.76
CZ,H,2018,8.86,7.52,14.2,65.82
CZ,H,2019,8.37,8.24,12.0,64.24
CZ,H,2020,8.46,7.04,10.18,63.55
CZ,I,2013,8.72,10.29,9.05,53.06
CZ,I,2014,9.14,9.97,6.28,52.67
CZ,I,2015,8.11,9.96,8.19,53.39
CZ,I,2016,9.6,12.68,9.57,57.36
CZ,I,2017,10.04,9.45,10.65,55.32
CZ,I,2018,9.57,8.81,10.28,56.92
CZ,I,2019,9.67,9.87,9.47,61.65
CZ,I,2020,8.53,10.08,7.05,63.03
CZ,J,2013,6.93,5.56,16.4,63.6
CZ,J,2014,9.93,6.32,12.26,59.13
CZ,J,2015,9.63,6.07,14.92,65.42
CZ,J,2016,10.09,5.9,15.02,66.68
CZ,J,2017,11.81,6.11,15.87,66.71
CZ,J,2018,11.87,6.14,15.16,68.07
CZ,J,2019,10.79,7.4,15.12,68.5
CZ,J,2020,10.63,6.14,14.4,69.01
CZ,L,2013,7.82,8.33,7.55,57.46
CZ,L,2014,7.61,7.96,6.75,54.46
CZ,L,2015,7.03,7.31,6.35,56.98
CZ,L,2016,8.62,7.71,7.58,56.04
CZ,L,2017,8.84,6.94,9.03,59.73
CZ,L,2018,9.97,6.64,9.47,59.32
CZ,L,2019,11.62,8.28,9.46,61.37
CZ,L,2020,11.15,7.23,7.06,59.11
CZ,M,2013,7.95,6.74,10.77,60.37
CZ,M,2014,8.75,6.69,7.75,59.35
CZ,M,2015,8.0,6.4,10.18,61.13
CZ,M,2016,8.28,6.52,10.32,62.72
CZ,M,2017,9.16,6.24,11.89,64.37
CZ,M,2018,10.15,6.28,11.72,64.77
CZ,M,2019,8.12,7.76,10.96,65.27
CZ,M,2020,7.34,6.42,10.04,65.57
CZ,N,2013,8.85,8.68,14.43,57.22
CZ,N,2014,8.48,7.82,12.63,55.91
CZ,N,2015,7.92,7.89,15.2,58.09
CZ,N,2016,8.18,7.79,14.59,61.24
CZ,N,2017,9.31,7.68,16.15,61.2
CZ,N,2018,10.34,8.01,15.59,58.62
CZ,N,2019,10.74,10.3,15.35,60.04
CZ,N,2020,10.22,8.14,13.62,61.01
DE,B,2013,3.25,4.48,6.86,57.45
DE,B,2014,3.97,5.41,4.31,56.78
DE,B,2015,2.95,4.26,6.29,48.48
DE,B,2016,2.55,4.08,7.67,48.65
DE,B,2017,3.29,4.62,7.54,58.24
DE,B,2018,3.47,5.15,8.04,35.38
DE,B,2019,3.83,5.51,6.38,47.27
DE,B,2020,3.07,4.36,3.11,42.03
DE,C,2013,3.91,5.42,9.72,55.29
DE,C,2014,3.8,5.37,7.53,57.91
DE,C,2015,3.7,5.06,8.69,55.23
DE,C,2016,3.43,5.18,9.06,55.39
DE,C,2017,3.41,5.12,8.82,56.07
DE,C,2018,4.2,5.81,9.11,56.16
DE,C,2019,4.57,7.39,7.78,54.34
DE,C,2020,3.41,6.1,6.06,53.62
DE,D,2013,12.07,9.58,10.14,75.92
DE,D,2014,8.54,6.31,9.47,73.57
DE,D,2015,8.7,6.82,8.58,56.12
DE,D,2016,7.09,7.93,7.7,59.8
DE,D,2017,6.7,6.27,7.7,61.43
DE,D,2018,8.53,6.46,7.63,45.89
DE,D,2019,10.74,19.02,7.12,48.05
DE,D,2020,5.67,9.11,8.19,45.42
DE,E,2013,3.02,5.04,11.2,59.24
DE,E,2014,3.11,6.94,8.69,59.02
DE,E,2015,3.05,4.16,9.53,51.21
DE,E,2016,2.9,4.42,9.67,54.3
DE,E,2017,2.74,3.96,9.09,58.47
DE,E,2018,3.54,4.43,9.64,47.38
DE,E,2019,4.83,5.12,9.11,50.73
DE,E,2020,3.52,4.24,7.54,48.9
DE,F,2013,6.71,7.17,8.81,53.48
DE,F,2014,6.42,7.5,6.99,55.45
DE,F,2015,6.23,7.02,8.15,52.84
DE,F,2016,6.06,7.12,8.51,49.75
DE,F,2017,6.01,6.95,8.72,51.4
DE,F,2018,7.27,7.87,9.06,52.35
DE,F,2019,7.75,8.87,7.56,53.05
DE,F,2020,6.36,7.84,7.23,52.79
DE,G,2013,6.75,8.2,11.22,48.62
DE,G,2014,6.67,8.13,8.21,52.05
DE,G,2015,6.58,7.71,10.05,51.15
DE,G,2016,6.18,7.82,10.21,51.16
DE,G,2017,6.21,7.95,9.98,51.45
DE,G,2018,7.04,8.81,9.86,50.78
DE,G,2019,7.67,11.03,8.61,50.9
DE,G,2020,6.12,9.24,7.91,48.54
DE,H,2013,6.99,9.34,13.13,50.97
DE,H,2014,6.79,8.93,9.69,52.43
DE,H,2015,6.91,8.05,12.99,52.73
DE,H,2016,6.57,7.92,13.48,51.94
DE,H,2017,6.81,8.11,13.38,53.61
DE,H,2018,8.52,9.49,12.96,53.02
DE,H,2019,9.08,12.8,11.57,52.92
DE,H,2020,6.84,11.12,9.68,49.04
DE,I,2013,8.06,8.93,10.23,42.65
DE,I,2014,8.23,8.78,4.92,46.76
DE,I,2015,7.94,8.07,10.98,48.87
DE,I,2016,7.48,8.16,11.25,48.82
DE,I,2017,7.22,8.03,10.58,47.36
DE,I,2018,9.44,9.82,9.51,46.76
DE,I,2019,11.09,14.22,8.18,47.85
DE,I,2020,7.38,12.0,5.81,44.38
DE,J,2013,9.92,10.57,19.03,50.85
DE,J,2014,9.3,10.44,16.4,53.41
DE,J,2015,9.54,9.92,17.63,52.78
DE,J,2016,9.14,9.82,17.79,50.79
DE,J,2017,9.49,9.56,18.49,51.53
DE,J,2018,10.75,10.71,19.57,51.34
DE,J,2019,11.13,14.12,18.85,51.54
DE,J,2020,8.76,11.29,17.91,49.18
DE,L,2013,6.83,7.1,9.03,61.16
DE,L,2014,7.85,7.67,6.45,32.28
DE,L,2015,7.02,7.22,8.98,29.54
DE,L,2016,6.88,7.27,8.91,28.44
DE,L,2017,6.95,7.37,8.75,55.91
DE,L,2018,8.62,6.48,8.43,50.48
DE,L,2019,13.35,7.63,7.57,48.5
DE,L,2020,14.37,8.09,7.1,47.95
DE,M,2013,8.12,9.18,13.55,51.33
DE,M,2014,7.63,9.08,11.14,53.81
DE,M,2015,7.77,8.81,12.38,51.55
DE,M,2016,7.4,8.84,12.67,50.94
DE,M,2017,7.5,8.72,12.61,51.32
DE,M,2018,8.49,9.84,12.94,49.2
DE,M,2019,9.12,13.98,11.86,48.83
DE,M,2020,6.77,10.71,10.63,44.94
DE,N,2013,10.33,9.83,15.39,51.84
DE,N,2014,10.06,9.73,11.23,54.68
DE,N,2015,9.59,8.96,15.57,53.03
DE,N,2016,9.02,8.98,16.08,53.4
DE,N,2017,9.03,9.18,15.48,53.04
DE,N,2018,10.46,9.89,13.73,52.28
DE,N,2019,11.32,13.88,12.49,52.75
DE,N,2020,8.78,10.7,10.55,50.08
EE,B,2013,6.62,2.65,6.38,64.29
EE,B,2014,3.23,6.45,4.17,100.0
EE,B,2015,2.07,5.52,2.13,60.0
EE,B,2016,3.55,2.84,4.55,60.0
EE,B,2017,2.84,2.84,4.76,60.0
EE,B,2018,7.69,3.85,9.3,66.67
EE,B,2019,2.58,7.1,2.27,60.0
EE,B,2020,5.19,2.6,4.55,50.0
EE,C,2013,8.37,6.56,12.56,68.52
EE,C,2014,9.33,6.42,9.35,64.78
EE,C,2015,9.18,6.32,8.84,62.91
EE,C,2016,8.89,6.78,7.82,62.02
EE,C,2017,9.8,7.87,7.32,63.87
EE,C,2018,9.74,8.64,11.12,60.75
EE,C,2019,8.69,7.9,11.22,59.57
EE,C,2020,9.45,7.75,9.15,55.46
EE,D,2013,5.02,1.67,3.13,60.0
EE,D,2014,3.75,3.75,1.59,60.0
EE,D,2015,3.4,1.7,3.08,60.0
EE,D,2016,2.53,1.69,5.0,50.0
EE,D,2017,4.18,2.51,3.39,66.67
EE,D,2018,5.75,4.6,6.78,50.0
EE,D,2019,7.14,3.01,4.0,83.33
EE,D,2020,37.96,20.6,14.0,60.0
EE,E,2013,5.76,6.36,3.8,67.86
EE,E,2014,8.13,5.94,5.56,57.58
EE,E,2015,5.75,6.07,10.14,69.23
EE,E,2016,6.98,4.98,7.14,68.42
EE,E,2017,6.98,7.31,9.52,65.38
EE,E,2018,7.89,4.61,11.11,88.89
EE,E,2019,6.25,5.26,8.33,61.9
EE,E,2020,8.88,4.93,6.85,66.67
EE,F,2013,10.53,10.78,7.45,57.46
EE,F,2014,10.71,9.08,7.85,57.9
EE,F,2015,10.88,7.53,6.16,57.81
EE,F,2016,11.91,7.94,5.62,54.32
EE,F,2017,12.29,8.89,5.36,63.56
EE,F,2018,12.99,9.9,10.46,59.81
EE,F,2019,11.77,9.36,10.31,58.73
EE,F,2020,11.04,9.18,9.18,60.45
EE,G,2013,11.59,9.57,6.64,58.99
EE,G,2014,10.71,8.02,6.75,58.39
EE,G,2015,9.83,7.84,6.37,55.89
EE,G,2016,10.32,8.46,6.43,57.87
EE,G,2017,10.41,9.81,6.28,57.14
EE,G,2018,9.75,10.76,8.95,54.75
EE,G,2019,9.11,10.46,9.15,54.34
EE,G,2020,10.34,9.45,7.98,50.8
EE,H,2013,8.67,7.73,12.3,65.71
EE,H,2014,9.95,7.27,10.03,64.64
EE,H,2015,9.13,7.66,10.04,61.38
EE,H,2016,9.24,8.83,9.7,58.56
EE,H,2017,9.01,10.57,7.99,55.7
EE,H,2018,9.94,11.38,11.11,49.86
EE,H,2019,8.55,11.5,10.22,53.34
EE,H,2020,8.62,11.98,9.84,52.96
EE,I,2013,10.45,8.72,9.48,58.55
EE,I,2014,11.57,8.41,10.24,56.12
EE,I,2015,10.36,6.74,9.62,54.18
EE,I,2016,12.01,7.7,6.55,59.28
EE,I,2017,12.24,9.38,5.44,53.24
EE,I,2018,11.68,10.87,7.81,59.51
EE,I,2019,11.01,12.17,10.96,57.18
EE,I,2020,10.91,11.97,7.68,56.12
EE,J,2013,15.8,9.66,13.13,61.15
EE,J,2014,13.53,9.07,11.58,60.7
EE,J,2015,12.77,7.18,10.1,58.28
EE,J,2016,14.26,8.53,10.24,59.35
EE,J,2017,17.73,10.87,14.04,58.17
EE,J,2018,19.56,11.9,18.77,61.36
EE,J,2019,18.54,11.6,16.57,55.78
EE,J,2020,19.05,10.87,16.91,55.28
EE,L,2013,8.36,7.22,7.24,60.51
EE,L,2014,7.39,6.95,6.08,59.61
EE,L,2015,7.97,5.2,5.41,61.69
EE,L,2016,7.21,6.06,4.46,58.4
EE,L,2017,8.96,8.85,7.14,58.98
EE,L,2018,9.23,9.64,6.16,56.37
EE,L,2019,7.99,8.35,9.72,50.73
EE,L,2020,10.23,8.11,9.09,50.47
EE,M,2013,10.51,8.21,8.09,67.5
EE,M,2014,10.15,7.33,7.18,63.37
EE,M,2015,9.94,6.64,5.17,59.69
EE,M,2016,9.65,7.14,6.2,61.14
EE,M,2017,11.86,9.69,5.97,59.1
EE,M,2018,13.57,11.23,8.99,56.04
EE,M,2019,11.48,10.3,11.55,56.5
EE,M,2020,12.38,9.54,11.48,51.0
EE,N,2013,17.82,12.1,9.75,59.94
EE,N,2014,16.02,10.14,9.78,54.58
EE,N,2015,15.45,8.29,7.18,54.25
EE,N,2016,15.4,8.6,10.78,53.3
EE,N,2017,16.05,11.92,10.42,55.27
EE,N,2018,15.85,12.17,12.9,56.82
EE,N,2019,15.99,13.06,10.68,51.99
EE,N,2020,16.84,12.86,10.71,50.72
ES,B,2013,3.09,6.68,5.17,69.89
ES,B,2014,3.61,5.83,6.65,67.78
ES,B,2015,3.5,6.97,11.55,68.83
ES,B,2016,3.09,6.88,11.33,70.73
ES,B,2017,2.27,3.97,14.59,61.54
ES,B,2018,2.47,4.89,17.48,74.42
ES,B,2019,2.66,6.82,15.83,69.33
ES,B,2020,2.32,5.98,12.47,78.18
ES,C,2013,5.71,8.07,7.88,58.28
ES,C,2014,6.49,7.06,9.18,58.74
ES,C,2015,6.25,6.97,12.96,61.55
ES,C,2016,7.12,7.52,14.57,61.62
ES,C,2017,5.94,6.03,15.17,60.6
ES,C,2018,6.54,6.23,15.43,61.36
ES,C,2019,5.84,6.96,14.61,62.49
ES,C,2020,4.94,6.16,9.56,61.82
ES,D,2013,0.15,1.25,8.4,83.51
ES,D,2014,0.15,1.27,7.81,84.23
ES,D,2015,0.24,1.49,5.6,82.76
ES,D,2016,0.26,1.46,11.43,91.3
ES,D,2017,0.31,0.89,12.37,81.82
ES,D,2018,0.31,1.5,13.36,82.86
ES,D,2019,0.57,1.85,13.08,80.95
ES,D,2020,0.46,1.98,9.94,76.36
ES,E,2013,4.74,4.45,6.05,61.96
ES,E,2014,4.72,4.53,6.73,67.43
ES,E,2015,5.02,4.2,8.47,63.67
ES,E,2016,5.39,4.17,8.25,58.44
ES,E,2017,5.04,3.59,10.53,66.34
ES,E,2018,4.88,4.06,12.51,67.43
ES,E,2019,4.92,3.94,13.2,65.9
ES,E,2020,4.1,3.8,11.13,63.17
ES,F,2013,7.36,10.08,5.91,44.57
ES,F,2014,9.5,8.88,9.45,44.32
ES,F,2015,8.87,8.27,12.37,49.55
ES,F,2016,9.88,9.87,13.95,51.82
ES,F,2017,9.33,7.89,15.85,50.07
ES,F,2018,10.25,7.86,17.99,52.8
ES,F,2019,9.25,8.92,17.82,55.43
ES,F,2020,7.94,8.34,13.79,55.25
ES,G,2013,9.01,9.39,7.52,52.8
ES,G,2014,10.15,8.98,8.83,51.66
ES,G,2015,9.08,9.63,10.9,52.65
ES,G,2016,9.79,10.06,13.38,52.4
ES,G,2017,8.49,8.99,14.82,51.4
ES,G,2018,8.91,8.97,15.46,53.13
ES,G,2019,8.37,9.44,14.45,53.96
ES,G,2020,6.93,8.46,9.11,53.79
ES,H,2013,5.04,7.9,9.43,63.23
ES,H,2014,5.69,6.31,11.45,61.8
ES,H,2015,5.69,5.91,14.35,64.22
ES,H,2016,7.08,6.16,16.11,70.64
ES,H,2017,7.56,6.05,17.08,70.65
ES,H,2018,7.03,7.16,18.5,71.51
ES,H,2019,11.31,7.23,18.04,63.38
ES,H,2020,9.67,7.27,12.4,58.0
ES,I,2013,10.81,12.2,6.76,44.37
ES,I,2014,11.74,11.33,7.9,44.03
ES,I,2015,11.01,11.54,8.82,45.41
ES,I,2016,12.68,11.64,12.52,47.52
ES,I,2017,11.26,10.52,12.74,47.89
ES,I,2018,11.0,10.68,13.71,50.62
ES,I,2019,11.45,10.5,13.42,50.58
ES,I,2020,7.7,10.37,7.93,50.12
ES,J,2013,11.38,9.6,12.06,53.6
ES,J,2014,12.84,9.03,13.07,51.91
ES,J,2015,12.74,9.84,15.73,54.18
ES,J,2016,12.1,10.2,18.3,53.87
ES,J,2017,11.53,8.74,18.03,52.44
ES,J,2018,12.83,8.91,20.5,56.0
ES,J,2019,11.65,9.72,21.33,54.87
ES,J,2020,9.98,9.03,19.0,53.33
ES,L,2013,7.45,4.31,5.13,71.22
ES,L,2014,9.26,4.04,5.54,74.4
ES,L,2015,9.01,4.92,6.68,80.79
ES,L,2016,9.46,5.38,8.85,79.84
ES,L,2017,8.71,4.4,10.82,75.2
ES,L,2018,9.25,4.68,9.97,75.43
ES,L,2019,8.37,5.34,10.7,75.79
ES,L,2020,6.33,5.55,6.86,73.18
ES,M,2013,7.39,11.05,8.67,54.23
ES,M,2014,8.94,6.57,9.67,55.4
ES,M,2015,9.12,7.19,10.99,58.97
ES,M,2016,9.43,7.05,12.77,59.21
ES,M,2017,8.97,6.45,13.25,55.69
ES,M,2018,9.92,6.61,14.99,60.69
ES,M,2019,8.87,7.37,15.96,56.69
ES,M,2020,6.54,7.64,12.61,54.87
ES,N,2013,12.57,9.05,10.64,48.91
ES,N,2014,14.21,8.94,11.14,53.31
ES,N,2015,12.81,10.02,12.47,55.17
ES,N,2016,13.07,10.41,14.16,53.87
ES,N,2017,12.23,9.74,16.44,51.0
ES,N,2018,13.84,9.69,17.3,52.32
ES,N,2019,12.23,10.1,16.42,52.53
ES,N,2020,9.38,10.44,14.21,51.65
FI,B,2013,6.29,3.2,14.29,70.59
FI,B,2014,4.69,4.29,10.75,68.09
FI,B,2015,4.12,4.12,7.37,55.1
FI,B,2016,3.57,3.77,10.11,61.9
FI,B,2017,3.8,4.91,14.13,61.7
FI,B,2018,4.78,3.46,11.93,51.22
FI,B,2019,4.57,4.18,11.76,65.71
FI,B,2020,4.28,6.23,9.18,48.78
FI,C,2013,4.76,5.81,8.88,60.86
FI,C,2014,4.87,5.63,8.9,50.96
FI,C,2015,4.53,5.69,9.14,54.37
FI,C,2016,4.76,5.64,9.26,60.74
FI,C,2017,5.76,5.41,10.26,66.02
FI,C,2018,6.01,5.31,11.63,67.09
FI,C,2019,6.78,6.12,13.17,69.22
FI,C,2020,6.9,7.97,10.04,66.71
FI,D,2013,5.77,2.4,3.09,51.52
FI,D,2014,5.89,1.93,4.85,64.86
FI,D,2015,4.22,3.78,9.36,65.71
FI,D,2016,4.1,2.81,8.67,77.08
FI,D,2017,3.43,3.11,11.24,75.0
FI,D,2018,3.64,2.46,6.32,66.67
FI,D,2019,3.92,2.33,7.87,78.95
FI,D,2020,5.27,4.27,6.82,65.63
FI,E,2013,3.61,2.78,10.2,66.06
FI,E,2014,4.41,3.04,7.41,61.26
FI,E,2015,3.47,3.33,10.43,55.32
FI,E,2016,3.2,2.72,9.88,60.81
FI,E,2017,3.91,2.69,12.65,69.89
FI,E,2018,2.6,2.79,11.59,65.75
FI,E,2019,4.58,3.33,15.34,70.15
FI,E,2020,4.81,12.96,10.84,67.47
FI,F,2013,6.93,7.34,13.76,61.88
FI,F,2014,6.29,6.86,12.98,56.4
FI,F,2015,5.88,7.01,12.96,56.37
FI,F,2016,6.19,6.54,13.14,58.24
FI,F,2017,6.79,6.34,15.38,65.23
FI,F,2018,7.14,5.85,15.23,64.25
FI,F,2019,7.7,6.0,15.86,66.53
FI,F,2020,7.99,6.52,12.81,67.4
FI,G,2013,7.22,8.82,9.81,48.52
FI,G,2014,7.58,8.37,9.32,41.05
FI,G,2015,6.49,8.47,9.63,41.56
FI,G,2016,7.02,8.22,7.93,51.92
FI,G,2017,6.76,8.2,8.81,57.97
FI,G,2018,7.14,7.92,10.05,56.51
FI,G,2019,7.43,7.84,12.47,57.46
FI,G,2020,7.75,9.79,10.6,57.38
FI,H,2013,3.06,4.33,12.28,65.35
FI,H,2014,3.38,4.88,13.74,66.36
FI,H,2015,2.66,4.57,13.86,63.44
FI,H,2016,2.89,4.87,12.15,72.47
FI,H,2017,3.59,5.12,13.98,75.06
FI,H,2018,6.69,6.48,14.63,75.54
FI,H,2019,9.33,6.45,15.64,71.25
FI,H,2020,7.71,6.08,11.92,70.76
FI,I,2013,7.98,8.43,9.62,51.22
FI,I,2014,8.81,7.86,11.56,46.86
FI,I,2015,8.01,8.16,11.66,45.99
FI,I,2016,8.85,8.01,7.76,59.45
FI,I,2017,8.91,7.71,9.24,59.9
FI,I,2018,9.18,7.46,10.09,61.11
FI,I,2019,9.51,8.22,13.69,58.73
FI,I,2020,8.93,8.17,9.13,61.78
FI,J,2013,9.37,7.99,15.31,57.23
FI,J,2014,10.04,8.01,19.34,45.38
FI,J,2015,8.97,8.09,19.22,49.25
FI,J,2016,9.16,7.86,18.83,62.51
FI,J,2017,11.07,7.78,18.91,61.68
FI,J,2018,11.4,7.9,20.95,59.54
FI,J,2019,11.06,8.41,22.39,61.94
FI,J,2020,12.07,11.26,20.66,60.85
FI,L,2013,10.7,6.11,8.91,18.54
FI,L,2014,12.5,6.23,8.41,22.09
FI,L,2015,7.56,4.72,8.36,29.38
FI,L,2016,5.58,4.12,9.48,52.16
FI,L,2017,24.32,4.41,11.24,60.43
FI,L,2018,7.18,4.05,11.08,58.21
FI,L,2019,6.5,6.88,13.19,71.91
FI,L,2020,6.49,19.57,13.35,70.82
FI,M,2013,7.78,7.72,13.17,56.71
FI,M,2014,8.38,7.71,14.84,48.93
FI,M,2015,7.84,8.05,13.46,49.41
FI,M,2016,8.22,7.41,13.58,60.57
FI,M,2017,8.99,7.51,15.51,61.71
FI,M,2018,9.8,7.71,18.2,58.97
FI,M,2019,10.9,8.19,19.87,62.17
FI,M,2020,11.2,10.98,17.46,60.16
FI,N,2013,8.98,8.64,18.91,57.96
FI,N,2014,9.54,8.22,15.53,49.48
FI,N,2015,7.93,8.32,17.65,50.78
FI,N,2016,7.88,8.2,18.87,60.0
FI,N,2017,8.95,7.6,19.45,60.92
FI,N,2018,10.12,7.6,20.8,61.25
FI,N,2019,11.22,8.39,20.29,63.81
FI,N,2020,10.77,9.44,14.62,64.57
FR,B,2013,3.99,2.47,4.21,78.69
FR,B,2014,3.3,2.02,4.08,87.18
FR,B,2015,3.61,2.91,5.01,83.64
FR,B,2016,3.23,2.11,3.0,77.32
FR,B,2017,3.89,2.29,4.23,88.75
FR,B,2018,3.93,2.54,7.01,89.66
FR,B,2019,3.21,2.35,11.04,91.03
FR,B,2020,2.97,2.23,7.67,86.32
FR,C,2013,7.16,4.1,7.74,56.66
FR,C,2014,8.3,4.59,6.84,60.23
FR,C,2015,7.06,4.37,6.55,58.96
FR,C,2016,7.18,3.77,6.69,60.26
FR,C,2017,7.29,3.81,8.53,59.06
FR,C,2018,7.99,3.8,9.47,65.55
FR,C,2019,10.16,3.52,10.24,68.46
FR,C,2020,9.53,2.96,6.7,68.15
FR,D,2013,7.55,2.62,6.37,81.44
FR,D,2014,4.72,1.96,10.06,87.59
FR,D,2015,6.41,2.12,9.2,89.8
FR,D,2016,6.13,1.57,12.26,89.79
FR,D,2017,6.26,1.29,16.89,91.42
FR,D,2018,6.32,1.04,10.96,92.63
FR,D,2019,9.27,1.43,10.27,90.9
FR,D,2020,8.06,1.17,11.35,90.33
FR,E,2013,7.81,4.42,10.58,57.69
FR,E,2014,9.59,4.62,10.4,51.54
FR,E,2015,8.44,4.53,10.38,54.8
FR,E,2016,8.33,3.68,11.17,61.15
FR,E,2017,7.94,3.42,11.85,54.87
FR,E,2018,7.91,3.65,13.25,57.9
FR,E,2019,8.95,3.14,15.05,51.93
FR,E,2020,8.53,2.89,10.34,64.27
FR,F,2013,9.79,5.64,8.81,54.43
FR,F,2014,9.99,5.78,7.93,60.11
FR,F,2015,8.63,5.39,7.23,60.55
FR,F,2016,8.5,4.45,7.13,63.28
FR,F,2017,8.28,4.34,9.25,62.83
FR,F,2018,8.65,4.02,11.36,67.35
FR,F,2019,9.77,3.91,12.12,70.95
FR,F,2020,8.78,3.26,8.34,72.62
FR,G,2013,9.09,5.61,8.49,50.14
FR,G,2014,9.34,5.9,7.21,55.27
FR,G,2015,8.57,5.51,7.24,56.49
FR,G,2016,8.46,4.93,7.07,57.9
FR,G,2017,8.48,5.13,8.53,56.9
FR,G,2018,8.64,4.9,8.98,59.64
FR,G,2019,9.32,4.82,10.08,62.16
FR,G,2020,9.26,4.06,7.84,60.3
FR,H,2013,8.44,4.86,11.97,71.21
FR,H,2014,10.74,5.02,9.61,74.16
FR,H,2015,14.2,4.93,10.77,74.64
FR,H,2016,18.06,5.23,11.49,70.93
FR,H,2017,19.07,5.97,13.37,59.13
FR,H,2018,24.97,6.02,14.57,56.97
FR,H,2019,24.14,6.22,14.44,51.11
FR,H,2020,24.87,4.3,9.94,44.99
FR,I,2013,7.79,5.31,5.41,60.99
FR,I,2014,8.61,5.25,4.16,65.57
FR,I,2015,8.16,5.36,4.46,68.56
FR,I,2016,8.51,4.85,4.82,68.29
FR,I,2017,8.23,5.33,9.32,68.01
FR,I,2018,8.5,5.14,9.86,69.97
FR,I,2019,9.26,5.08,11.13,69.92
FR,I,2020,8.54,4.23,2.33,70.57
FR,J,2013,13.03,5.74,16.68,50.03
FR,J,2014,12.75,7.02,16.41,53.62
FR,J,2015,12.33,6.26,16.97,52.87
FR,J,2016,12.89,5.84,17.17,52.65
FR,J,2017,13.14,5.72,18.59,53.64
FR,J,2018,13.99,5.35,18.83,56.7
FR,J,2019,15.16,5.24,18.56,59.61
FR,J,2020,13.98,4.57,15.3,60.07
FR,L,2013,6.74,4.04,9.5,66.14
FR,L,2014,6.8,4.01,8.7,69.32
FR,L,2015,7.07,3.82,8.82,73.1
FR,L,2016,7.41,3.69,9.17,73.8
FR,L,2017,8.24,3.8,10.01,72.52
FR,L,2018,9.05,3.89,10.04,73.04
FR,L,2019,10.19,3.73,10.26,74.04
FR,L,2020,9.9,3.2,6.98,73.71
FR,M,2013,11.62,5.34,12.14,53.37
FR,M,2014,11.9,6.15,11.09,57.91
FR,M,2015,11.77,5.62,11.33,58.04
FR,M,2016,12.29,5.17,10.72,57.67
FR,M,2017,13.11,5.49,12.83,56.74
FR,M,2018,13.98,5.39,14.02,58.05
FR,M,2019,15.15,5.1,15.36,58.54
FR,M,2020,13.13,4.33,11.53,56.17
FR,N,2013,11.59,5.55,15.21,51.3
FR,N,2014,12.04,6.07,13.76,56.43
FR,N,2015,11.27,5.58,13.84,57.84
FR,N,2016,11.81,4.93,14.8,57.31
FR,N,2017,11.82,4.97,16.94,57.47
FR,N,2018,12.68,4.67,17.21,61.22
FR,N,2019,14.66,4.35,15.72,63.32
FR,N,2020,12.65,3.85,10.88,64.74
HU,B,2013,5.57,7.42,5.88,39.02
HU,B,2014,6.1,8.69,5.95,51.52
HU,B,2015,6.68,7.88,14.12,67.74
HU,B,2016,6.97,7.21,7.41,50.0
HU,B,2017,6.23,5.45,5.81,42.31
HU,B,2018,6.14,5.37,9.41,67.86
HU,B,2019,3.71,7.96,13.19,35.71
HU,B,2020,5.82,7.48,12.05,54.17
HU,C,2013,6.3,6.54,13.8,56.25
HU,C,2014,7.11,6.58,13.53,58.82
HU,C,2015,8.05,6.13,13.43,60.91
HU,C,2016,7.58,6.61,14.35,64.34
HU,C,2017,9.1,6.61,13.39,57.68
HU,C,2018,9.47,5.85,12.84,62.91
HU,C,2019,8.79,8.2,11.45,61.42
HU,C,2020,8.29,6.83,9.17,57.01
HU,D,2013,15.43,6.11,5.65,56.63
HU,D,2014,10.99,13.7,12.31,53.68
HU,D,2015,9.33,8.33,13.08,52.38
HU,D,2016,21.21,8.98,13.28,41.67
HU,D,2017,21.31,8.24,8.4,49.32
HU,D,2018,26.87,4.89,6.25,58.93
HU,D,2019,17.88,8.01,8.59,45.14
HU,D,2020,10.57,5.89,6.25,55.83
HU,E,2013,7.27,7.07,9.5,58.38
HU,E,2014,6.8,7.74,15.09,48.07
HU,E,2015,6.61,7.51,15.42,57.49
HU,E,2016,6.51,6.84,16.5,61.27
HU,E,2017,6.81,6.23,13.14,54.2
HU,E,2018,7.09,6.18,12.44,57.26
HU,E,2019,7.15,7.43,11.29,55.93
HU,E,2020,6.03,7.31,11.7,57.26
HU,F,2013,8.5,8.98,9.87,44.8
HU,F,2014,10.54,8.89,12.03,47.41
HU,F,2015,11.29,7.92,12.95,52.79
HU,F,2016,12.52,7.81,11.07,59.06
HU,F,2017,17.41,7.44,10.44,54.29
HU,F,2018,18.01,5.6,11.81,58.96
HU,F,2019,17.26,8.18,13.46,64.06
HU,F,2020,13.43,5.79,12.55,58.94
HU,G,2013,10.58,9.59,9.05,49.04
HU,G,2014,8.98,8.85,9.41,49.49
HU,G,2015,9.25,8.04,10.55,53.01
HU,G,2016,8.21,8.75,11.23,61.1
HU,G,2017,8.65,8.11,11.14,51.51
HU,G,2018,9.06,6.92,11.05,53.61
HU,G,2019,7.74,8.95,11.08,53.25
HU,G,2020,8.31,7.72,8.85,55.44
HU,H,2013,6.72,8.33,15.46,53.22
HU,H,2014,8.43,7.76,15.67,51.66
HU,H,2015,9.02,6.71,16.99,57.9
HU,H,2016,10.42,8.37,16.87,61.83
HU,H,2017,19.84,7.37,15.75,60.73
HU,H,2018,11.98,5.49,15.06,63.22
HU,H,2019,13.02,9.24,15.09,61.47
HU,H,2020,15.89,6.38,12.68,37.15
HU,I,2013,11.23,12.12,7.96,42.62
HU,I,2014,11.25,10.63,9.47,44.68
HU,I,2015,10.74,9.66,9.47,49.25
HU,I,2016,10.32,10.18,11.44,54.27
HU,I,2017,10.91,9.78,12.01,50.3
HU,I,2018,11.81,8.1,11.43,51.47
HU,I,2019,10.71,10.36,10.12,51.4
HU,I,2020,9.59,8.98,6.01,54.83
HU,J,2013,9.91,7.72,14.1,56.65
HU,J,2014,10.75,7.99,14.64,57.51
HU,J,2015,11.86,7.99,12.88,60.86
HU,J,2016,12.52,8.27,14.66,64.15
HU,J,2017,14.34,7.72,15.18,59.62
HU,J,2018,14.89,7.41,16.13,63.45
HU,J,2019,14.25,10.21,15.84,64.31
HU,J,2020,11.32,8.08,15.41,68.7
HU,L,2013,11.31,7.67,11.49,51.85
HU,L,2014,11.03,7.6,11.55,55.15
HU,L,2015,12.05,6.89,11.01,56.16
HU,L,2016,12.69,7.57,10.28,65.48
HU,L,2017,13.65,6.79,9.07,61.08
HU,L,2018,14.26,5.5,10.15,62.5
HU,L,2019,12.58,7.79,9.91,65.31
HU,L,2020,10.46,6.65,7.69,68.03
HU,M,2013,8.87,6.96,11.23,54.19
HU,M,2014,9.01,7.17,13.17,57.25
HU,M,2015,10.16,7.13,13.35,62.6
HU,M,2016,9.98,7.45,13.75,66.63
HU,M,2017,11.52,7.31,14.21,59.51
HU,M,2018,12.27,6.38,14.04,62.22
HU,M,2019,11.43,9.38,13.38,63.45
HU,M,2020,8.98,7.06,11.9,73.58
HU,N,2013,12.14,12.05,12.99,42.84
HU,N,2014,12.52,11.81,13.73,43.85
HU,N,2015,13.52,10.79,14.5,49.89
HU,N,2016,14.34,11.21,15.15,57.51
HU,N,2017,16.18,10.81,15.49,52.48
HU,N,2018,18.18,9.05,14.57,54.03
HU,N,2019,17.61,13.06,14.69,55.31
HU,N,2020,14.45,9.84,13.05,57.79
IT,B,2013,3.39,4.88,4.44,63.74
IT,B,2014,3.37,4.94,4.62,54.95
IT,B,2015,3.12,5.34,4.86,65.85
IT,B,2016,2.83,5.0,6.27,51.25
IT,B,2017,3.08,4.18,5.35,54.55
IT,B,2018,2.24,3.54,5.79,55.07
IT,B,2019,3.14,5.93,6.2,52.46
IT,B,2020,2.21,4.73,6.23,60.94
IT,C,2013,4.68,6.13,5.93,66.41
IT,C,2014,4.64,5.62,5.4,61.8
IT,C,2015,4.91,5.66,6.22,61.48
IT,C,2016,5.05,5.15,8.16,62.84
IT,C,2017,4.75,4.68,8.98,66.72
IT,C,2018,4.59,4.42,9.74,69.54
IT,C,2019,4.71,6.24,9.31,65.01
IT,C,2020,3.85,6.11,8.05,64.43
IT,D,2013,10.28,3.68,9.39,72.07
IT,D,2014,5.22,3.46,7.63,79.79
IT,D,2015,4.44,2.84,5.86,77.47
IT,D,2016,5.08,2.35,7.34,68.63
IT,D,2017,5.11,2.21,7.71,61.82
IT,D,2018,4.74,2.29,11.28,70.95
IT,D,2019,4.1,2.6,10.33,67.63
IT,D,2020,3.6,2.88,10.0,70.69
IT,E,2013,5.18,3.98,11.69,66.28
IT,E,2014,4.99,3.93,9.89,65.04
IT,E,2015,4.76,4.2,10.18,65.62
IT,E,2016,4.1,4.21,12.71,64.57
IT,E,2017,4.57,3.6,13.12,62.34
IT,E,2018,4.18,3.93,15.01,71.24
IT,E,2019,4.21,4.84,15.08,65.27
IT,E,2020,3.07,5.78,15.05,68.78
IT,F,2013,7.5,10.67,6.8,51.28
IT,F,2014,7.24,9.77,6.54,51.52
IT,F,2015,7.33,8.89,8.29,48.74
IT,F,2016,7.72,8.27,9.59,51.35
IT,F,2017,7.5,7.82,10.63,56.13
IT,F,2018,7.61,7.02,12.14,58.6
IT,F,2019,8.21,8.16,12.5,54.92
IT,F,2020,7.7,7.76,12.68,56.33
IT,G,2013,6.99,7.91,7.2,60.06
IT,G,2014,6.73,7.48,6.35,55.18
IT,G,2015,6.99,7.58,6.9,53.12
IT,G,2016,7.33,7.29,8.47,51.46
IT,G,2017,6.64,6.88,10.17,55.5
IT,G,2018,6.34,6.43,10.7,57.28
IT,G,2019,6.55,8.14,10.07,55.48
IT,G,2020,5.81,8.07,9.0,55.09
IT,H,2013,5.82,7.16,9.25,69.53
IT,H,2014,5.32,6.34,9.19,66.51
IT,H,2015,5.76,6.63,9.98,65.01
IT,H,2016,6.01,6.0,11.65,65.44
IT,H,2017,5.58,5.25,12.96,70.02
IT,H,2018,5.54,5.31,13.78,74.05
IT,H,2019,5.87,5.57,13.87,70.58
IT,H,2020,4.56,6.25,11.9,69.86
IT,I,2013,7.83,7.29,6.74,64.73
IT,I,2014,7.66,6.91,6.69,59.92
IT,I,2015,8.51,6.78,5.89,58.79
IT,I,2016,8.79,6.83,7.53,58.42
IT,I,2017,7.96,6.42,10.0,60.47
IT,I,2018,7.35,6.38,11.13,63.18
IT,I,2019,7.42,7.09,10.85,62.68
IT,I,2020,5.23,8.03,5.29,62.95
IT,J,2013,8.73,8.25,11.29,58.42
IT,J,2014,10.05,8.14,10.69,55.87
IT,J,2015,9.81,8.88,11.83,53.45
IT,J,2016,9.94,7.42,13.67,55.13
IT,J,2017,8.96,6.63,14.91,58.66
IT,J,2018,9.41,5.58,15.95,62.16
IT,J,2019,9.23,7.84,15.66,60.28
IT,J,2020,8.65,7.81,15.11,60.18
IT,L,2013,4.35,4.58,5.36,64.88
IT,L,2014,3.48,4.4,3.2,58.4
IT,L,2015,3.52,4.09,3.52,61.18
IT,L,2016,4.41,5.21,4.36,57.23
IT,L,2017,4.21,4.87,6.73,62.28
IT,L,2018,4.11,3.97,7.29,66.95
IT,L,2019,4.12,4.72,9.02,61.39
IT,L,2020,3.55,4.68,6.44,60.84
IT,M,2013,8.19,7.27,9.86,51.97
IT,M,2014,9.11,7.49,8.84,46.77
IT,M,2015,9.04,7.6,9.66,45.08
IT,M,2016,9.61,6.75,10.62,50.37
IT,M,2017,9.06,6.64,11.32,57.19
IT,M,2018,9.23,5.58,11.71,57.47
IT,M,2019,9.59,9.54,11.25,54.49
IT,M,2020,8.68,10.0,11.49,52.62
IT,N,2013,9.97,9.84,10.88,54.67
IT,N,2014,11.04,9.27,10.77,54.6
IT,N,2015,11.13,9.5,11.92,52.55
IT,N,2016,11.67,8.67,13.02,55.04
IT,N,2017,11.29,7.4,13.92,58.9
IT,N,2018,11.37,6.05,14.77,60.9
IT,N,2019,11.74,11.63,14.52,56.07
IT,N,2020,9.94,10.8,12.36,53.83
LV,B,2013,10.59,14.41,16.36,60.47
LV,B,2014,13.14,7.2,18.87,53.57
LV,B,2015,20.9,11.57,14.55,40.0
LV,B,2016,19.33,18.22,15.52,52.0
LV,B,2017,15.91,10.23,11.86,35.48
LV,B,2018,14.6,10.95,6.45,32.14
LV,B,2019,17.3,8.3,6.35,28.85
LV,B,2020,25.59,6.18,9.52,26.19
LV,C,2013,13.88,11.82,16.03,60.07
LV,C,2014,13.53,7.73,12.84,62.13
LV,C,2015,15.02,5.44,11.57,61.28
LV,C,2016,15.29,12.56,12.7,64.84
LV,C,2017,12.13,8.48,12.21,60.06
LV,C,2018,12.12,9.27,11.9,51.49
LV,C,2019,11.68,8.66,10.62,49.14
LV,C,2020,11.1,9.9,9.16,51.77
LV,D,2013,9.6,7.31,3.03,50.0
LV,D,2014,11.66,2.77,5.15,69.84
LV,D,2015,8.26,1.5,4.04,71.43
LV,D,2016,11.31,5.12,7.62,58.7
LV,D,2017,7.67,5.23,4.81,66.1
LV,D,2018,5.03,5.03,2.86,63.64
LV,D,2019,3.45,3.64,5.0,48.44
LV,D,2020,3.95,5.34,2.97,50.0
LV,E,2013,13.19,9.07,15.0,68.57
LV,E,2014,8.7,5.16,13.13,69.49
LV,E,2015,9.09,1.65,12.24,69.77
LV,E,2016,8.15,6.18,17.35,60.42
LV,E,2017,10.61,5.87,16.33,59.38
LV,E,2018,10.25,4.71,4.95,69.7
LV,E,2019,6.92,6.92,4.95,48.28
LV,E,2020,5.25,8.02,6.86,68.42
LV,F,2013,21.83,16.03,17.3,37.72
LV,F,2014,20.89,10.99,14.78,50.43
LV,F,2015,26.25,8.83,11.3,50.4
LV,F,2016,20.82,16.65,10.38,55.31
LV,F,2017,16.08,12.64,10.12,51.8
LV,F,2018,15.74,12.15,13.08,42.85
LV,F,2019,15.18,11.44,15.33,40.92
LV,F,2020,13.49,12.15,14.64,39.0
LV,G,2013,14.86,14.48,10.97,51.08
LV,G,2014,14.58,9.52,11.69,54.76
LV,G,2015,14.51,3.9,11.82,50.05
LV,G,2016,13.6,13.95,12.44,51.61
LV,G,2017,10.81,8.94,11.52,49.9
LV,G,2018,10.11,9.11,10.14,46.65
LV,G,2019,9.55,8.34,7.56,46.66
LV,G,2020,8.63,10.65,6.79,50.33
LV,H,2013,15.27,11.36,16.12,53.98
LV,H,2014,15.8,8.43,14.6,56.86
LV,H,2015,14.48,5.23,12.36,58.77
LV,H,2016,15.2,14.09,12.12,60.18
LV,H,2017,13.03,10.63,12.96,59.74
LV,H,2018,16.43,12.04,14.2,46.6
LV,H,2019,15.46,11.23,10.54,41.36
LV,H,2020,18.66,12.34,12.44,45.14
LV,I,2013,15.81,14.43,10.72,52.32
LV,I,2014,15.02,9.86,11.04,58.23
LV,I,2015,17.44,3.0,12.63,54.14
LV,I,2016,16.59,15.4,13.42,52.9
LV,I,2017,16.08,9.52,10.72,52.5
LV,I,2018,14.63,11.31,6.93,49.11
LV,I,2019,14.69,10.96,7.22,48.01
LV,I,2020,13.55,13.7,4.23,49.77
LV,J,2013,20.61,11.33,14.61,55.03
LV,J,2014,16.8,8.17,14.86,70.79
LV,J,2015,20.97,5.04,16.13,64.6
LV,J,2016,17.76,13.42,19.67,63.17
LV,J,2017,14.67,8.71,18.4,61.78
LV,J,2018,16.06,10.25,14.5,51.62
LV,J,2019,14.52,10.73,12.77,51.89
LV,J,2020,14.59,14.67,11.37,50.25
LV,L,2013,10.48,12.1,7.42,50.53
LV,L,2014,10.91,9.33,8.19,57.49
LV,L,2015,13.0,8.54,8.42,56.87
LV,L,2016,16.01,15.07,7.12,61.53
LV,L,2017,9.05,9.76,5.41,58.29
LV,L,2018,9.33,10.16,5.52,52.6
LV,L,2019,7.52,8.58,6.4,49.55
LV,L,2020,7.9,10.36,7.32,51.69
LV,M,2013,14.34,10.42,8.51,56.55
LV,M,2014,14.13,7.61,10.94,70.57
LV,M,2015,17.22,5.7,13.81,66.41
LV,M,2016,12.85,11.69,11.24,66.54
LV,M,2017,11.42,8.51,12.04,63.14
LV,M,2018,10.97,8.57,10.59,55.99
LV,M,2019,10.73,8.53,9.77,48.7
LV,M,2020,10.55,12.15,10.91,54.27
LV,N,2013,19.07,14.77,12.3,45.84
LV,N,2014,19.63,10.57,13.24,60.53
LV,N,2015,24.43,7.52,15.97,57.19
LV,N,2016,25.24,18.3,14.9,59.19
LV,N,2017,16.51,13.38,15.25,57.17
LV,N,2018,14.74,13.84,13.21,47.29
LV,N,2019,15.04,12.75,11.18,40.58
LV,N,2020,13.03,13.27,9.84,42.72
NL,B,2013,11.69,8.59,10.13,60.47
NL,B,2014,9.61,4.58,17.95,60.0
NL,B,2015,10.13,10.34,18.06,71.43
NL,B,2016,10.28,6.42,13.7,75.51
NL,B,2017,11.46,6.88,5.48,54.76
NL,B,2018,12.62,4.4,9.59,44.68
NL,B,2019,14.94,8.38,9.72,72.92
NL,B,2020,14.92,8.58,14.67,80.0
NL,C,2013,6.97,5.95,9.03,71.95
NL,C,2014,7.09,4.78,8.48,71.03
NL,C,2015,7.47,4.71,8.87,72.79
NL,C,2016,7.47,5.3,10.27,76.18
NL,C,2017,7.56,4.12,11.88,75.65
NL,C,2018,7.76,4.45,13.81,77.73
NL,C,2019,8.35,4.6,12.75,78.81
NL,C,2020,7.96,5.65,10.78,78.94
NL,D,2013,12.91,6.09,16.42,67.89
NL,D,2014,16.79,7.39,10.61,67.74
NL,D,2015,10.97,6.73,17.11,75.38
NL,D,2016,12.07,6.49,13.75,75.61
NL,D,2017,11.07,5.73,19.75,66.5
NL,D,2018,16.18,3.97,25.93,72.58
NL,D,2019,15.48,4.56,23.91,72.41
NL,D,2020,11.03,5.68,23.53,71.94
NL,E,2013,10.84,6.7,9.78,62.28
NL,E,2014,11.73,5.21,8.54,62.5
NL,E,2015,15.17,6.48,7.97,67.74
NL,E,2016,12.91,7.51,9.36,71.97
NL,E,2017,11.18,4.43,15.26,73.03
NL,E,2018,13.74,4.43,15.17,74.12
NL,E,2019,12.59,5.27,14.11,74.79
NL,E,2020,7.35,4.75,13.82,81.16
NL,F,2013,7.75,6.69,5.42,64.57
NL,F,2014,8.03,5.49,5.03,65.2
NL,F,2015,8.54,4.6,5.52,65.29
NL,F,2016,8.04,4.87,8.03,74.54
NL,F,2017,8.66,3.98,11.66,77.97
NL,F,2018,10.75,4.02,15.24,80.09
NL,F,2019,11.24,3.99,14.9,79.07
NL,F,2020,9.82,4.8,12.67,81.13
NL,G,2013,10.15,9.29,9.32,56.7
NL,G,2014,10.75,7.48,8.77,55.57
NL,G,2015,10.03,7.59,9.65,57.97
NL,G,2016,9.33,8.35,11.01,62.43
NL,G,2017,8.94,6.69,12.38,62.94
NL,G,2018,8.6,7.02,14.52,65.71
NL,G,2019,10.53,7.03,13.65,66.92
NL,G,2020,12.6,8.05,12.26,66.52
NL,H,2013,10.52,8.21,10.46,57.62
NL,H,2014,9.67,6.76,10.5,57.36
NL,H,2015,9.02,6.66,11.34,59.64
NL,H,2016,12.61,7.59,12.39,66.53
NL,H,2017,11.17,5.65,14.17,67.38
NL,H,2018,13.02,6.38,17.19,69.88
NL,H,2019,13.76,6.48,15.55,77.62
NL,H,2020,12.51,7.37,12.7,73.83
NL,I,2013,8.95,7.14,8.16,60.94
NL,I,2014,9.29,5.85,8.16,60.4
NL,I,2015,9.43,5.93,8.83,63.29
NL,I,2016,9.64,6.5,10.45,69.94
NL,I,2017,9.6,5.48,10.95,70.47
NL,I,2018,9.67,5.96,14.08,72.26
NL,I,2019,11.9,6.02,11.06,71.66
NL,I,2020,10.59,7.08,7.11,72.18
NL,J,2013,11.9,8.15,17.71,73.09
NL,J,2014,11.24,6.23,17.59,71.49
NL,J,2015,10.49,6.26,18.06,72.89
NL,J,2016,10.59,7.58,19.65,75.26
NL,J,2017,10.27,5.44,20.78,73.0
NL,J,2018,10.26,5.87,21.48,77.18
NL,J,2019,10.59,5.96,21.17,78.22
NL,J,2020,10.13,8.55,21.29,77.16
NL,L,2013,7.13,9.5,6.55,68.2
NL,L,2014,7.37,6.46,5.72,69.1
NL,L,2015,6.83,5.32,7.91,67.12
NL,L,2016,7.61,6.05,10.84,71.72
NL,L,2017,7.81,4.85,10.88,71.85
NL,L,2018,7.79,4.94,10.53,73.84
NL,L,2019,7.82,5.03,11.23,75.87
NL,L,2020,7.28,5.98,10.42,76.82
NL,M,2013,11.63,7.46,11.72,72.62
NL,M,2014,11.19,5.86,11.5,72.5
NL,M,2015,10.5,5.74,12.45,74.44
NL,M,2016,10.13,6.84,13.86,76.74
NL,M,2017,9.98,5.16,16.84,75.84
NL,M,2018,10.16,5.48,17.36,78.83
NL,M,2019,10.48,5.62,17.38,79.09
NL,M,2020,9.7,8.24,15.52,78.28
NL,N,2013,11.92,9.11,14.13,61.67
NL,N,2014,12.18,8.04,13.97,60.72
NL,N,2015,11.52,6.97,18.12,61.29
NL,N,2016,12.12,7.72,20.31,66.59
NL,N,2017,11.59,6.13,21.64,69.1
NL,N,2018,12.54,6.24,26.06,71.73
NL,N,2019,13.62,6.4,18.87,71.75
NL,N,2020,12.63,7.88,14.92,72.7
NO,B,2013,7.19,3.24,24.43,50.0
NO,B,2014,6.73,3.41,24.9,70.77
NO,B,2015,6.8,4.83,17.74,66.15
NO,B,2016,5.7,4.81,11.07,56.1
NO,B,2017,7.38,5.34,6.56,52.0
NO,B,2018,6.63,3.75,9.68,59.21
NO,B,2019,5.49,2.92,15.0,62.5
NO,B,2020,4.13,1.49,17.13,38.55
NO,C,2013,6.03,4.95,11.01,61.36
NO,C,2014,5.64,4.63,11.63,58.77
NO,C,2015,7.22,5.87,12.45,59.96
NO,C,2016,6.62,5.34,11.48,60.55
NO,C,2017,6.35,5.04,11.69,58.02
NO,C,2018,6.03,4.29,9.51,57.51
NO,C,2019,5.91,2.77,10.5,57.99
NO,C,2020,6.2,2.58,9.93,61.55
NO,D,2013,5.75,2.12,11.72,64.47
NO,D,2014,2.97,1.44,8.19,65.71
NO,D,2015,3.16,2.64,7.26,66.07
NO,D,2016,4.78,1.19,6.84,67.69
NO,D,2017,3.74,1.83,7.2,69.7
NO,D,2018,3.86,1.31,7.33,63.89
NO,D,2019,2.95,2.07,5.7,75.0
NO,D,2020,0.0,11.11,100.0,2.22
NO,E,2013,6.26,2.43,13.75,65.71
NO,E,2014,6.22,2.59,12.2,72.41
NO,E,2015,5.46,3.58,11.9,65.67
NO,E,2016,5.78,3.72,13.37,72.22
NO,E,2017,5.79,2.49,10.29,69.44
NO,E,2018,4.61,2.38,10.11,70.31
NO,E,2019,5.03,2.25,10.47,65.71
NO,E,2020,5.59,2.42,11.62,69.44
NO,F,2013,10.65,5.87,13.56,56.14
NO,F,2014,9.23,5.07,13.24,57.06
NO,F,2015,9.3,6.78,12.64,58.15
NO,F,2016,8.61,6.65,12.4,56.82
NO,F,2017,8.4,6.36,12.93,55.94
NO,F,2018,8.47,4.47,13.37,55.04
NO,F,2019,8.1,2.67,13.57,57.85
NO,F,2020,8.29,1.79,11.54,55.62
NO,G,2013,7.75,5.26,7.21,57.0
NO,G,2014,7.48,4.64,7.6,56.07
NO,G,2015,8.14,6.52,9.25,56.55
NO,G,2016,7.67,6.23,8.58,56.59
NO,G,2017,7.0,6.08,8.52,58.68
NO,G,2018,6.78,4.66,6.34,53.47
NO,G,2019,6.3,3.27,5.46,55.94
NO,G,2020,6.88,2.17,4.88,56.69
NO,H,2013,7.41,5.79,13.96,59.53
NO,H,2014,6.48,4.72,12.93,59.87
NO,H,2015,6.97,6.13,15.21,59.53
NO,H,2016,6.05,6.48,14.89,59.95
NO,H,2017,7.28,6.82,14.64,61.61
NO,H,2018,6.76,4.27,12.23,57.93
NO,H,2019,6.78,2.2,12.81,51.95
NO,H,2020,7.52,1.06,10.81,52.41
NO,I,2013,8.2,3.53,9.13,52.1
NO,I,2014,7.47,2.8,10.41,52.2
NO,I,2015,7.69,4.41,13.8,54.23
NO,I,2016,7.39,4.28,12.22,53.25
NO,I,2017,7.22,4.36,11.08,55.75
NO,I,2018,7.24,2.92,7.8,55.11
NO,I,2019,7.27,2.33,6.89,57.95
NO,I,2020,6.71,2.08,2.63,57.01
NO,J,2013,12.78,8.54,15.08,49.25
NO,J,2014,11.8,8.03,15.0,52.06
NO,J,2015,13.3,10.85,14.9,50.33
NO,J,2016,11.47,9.59,13.98,50.28
NO,J,2017,11.11,9.41,14.63,46.68
NO,J,2018,11.14,6.76,14.6,40.65
NO,J,2019,11.32,5.28,16.86,48.31
NO,J,2020,10.68,4.29,15.79,50.63
NO,L,2013,6.46,3.14,11.11,65.6
NO,L,2014,4.87,2.56,11.48,66.8
NO,L,2015,4.87,3.18,12.25,68.8
NO,L,2016,4.77,2.98,13.26,65.65
NO,L,2017,4.66,3.41,11.69,67.29
NO,L,2018,4.26,2.62,11.17,61.22
NO,L,2019,3.86,2.41,7.96,57.46
NO,L,2020,4.14,2.99,5.97,60.7
NO,M,2013,12.22,7.6,12.28,52.72
NO,M,2014,11.29,7.27,12.33,51.57
NO,M,2015,12.73,10.07,10.88,53.02
NO,M,2016,10.88,8.87,10.28,52.35
NO,M,2017,10.46,8.79,10.48,49.92
NO,M,2018,10.56,7.03,11.08,44.16
NO,M,2019,10.94,4.89,13.07,51.3
NO,M,2020,10.54,3.41,12.34,50.62
NO,N,2013,12.77,8.17,17.65,54.41
NO,N,2014,12.18,7.12,17.41,53.73
NO,N,2015,13.36,9.67,16.04,56.95
NO,N,2016,11.16,8.65,14.98,53.92
NO,N,2017,10.98,8.06,14.82,54.74
NO,N,2018,11.0,6.29,17.36,48.09
NO,N,2019,11.2,5.08,18.98,53.09
NO,N,2020,10.59,2.74,12.4,53.75
PL,B,2013,8.91,9.63,8.35,67.43
PL,B,2014,8.52,7.6,8.54,61.76
PL,B,2015,9.06,7.62,7.08,64.52
PL,B,2016,9.14,10.17,9.72,60.31
PL,B,2017,9.09,8.49,10.52,57.44
PL,B,2018,9.2,8.14,12.25,51.89
PL,B,2019,5.95,7.74,13.38,49.81
PL,B,2020,5.71,7.67,11.85,53.94
PL,C,2013,9.61,9.91,8.95,59.4
PL,C,2014,10.12,8.79,10.28,56.42
PL,C,2015,9.83,7.91,11.36,58.23
PL,C,2016,10.05,8.22,13.14,53.85
PL,C,2017,10.23,8.52,14.0,56.2
PL,C,2018,10.98,8.78,13.09,50.87
PL,C,2019,10.37,8.82,11.72,49.53
PL,C,2020,8.27,7.89,9.27,52.61
PL,D,2013,21.75,12.83,2.72,65.98
PL,D,2014,14.84,11.32,4.03,57.6
PL,D,2015,11.93,11.54,4.61,53.0
PL,D,2016,16.43,18.8,3.7,41.12
PL,D,2017,12.48,9.29,4.57,39.07
PL,D,2018,13.5,10.76,4.37,32.82
PL,D,2019,15.38,11.25,4.22,31.65
PL,D,2020,17.47,9.2,4.83,43.75
PL,E,2013,12.64,9.49,7.39,65.75
PL,E,2014,9.86,8.36,9.29,61.34
PL,E,2015,9.01,8.15,8.78,59.4
PL,E,2016,9.61,8.49,9.18,55.64
PL,E,2017,8.75,8.29,9.78,56.94
PL,E,2018,8.9,8.17,9.73,45.54
PL,E,2019,7.38,7.46,9.05,46.56
PL,E,2020,7.97,7.49,8.23,47.61
PL,F,2013,13.81,14.35,6.51,47.49
PL,F,2014,14.43,12.69,7.6,44.83
PL,F,2015,14.97,11.16,8.86,46.44
PL,F,2016,15.96,12.55,9.41,44.95
PL,F,2017,16.65,10.4,10.1,46.92
PL,F,2018,18.72,11.29,9.67,41.73
PL,F,2019,19.01,10.62,10.11,42.07
PL,F,2020,15.42,11.05,8.83,47.75
PL,G,2013,12.47,12.78,7.08,49.66
PL,G,2014,11.44,11.64,8.74,48.9
PL,G,2015,10.49,9.68,9.65,51.11
PL,G,2016,10.35,9.68,11.15,47.87
PL,G,2017,9.63,9.98,12.36,49.14
PL,G,2018,10.19,10.16,12.12,46.45
PL,G,2019,9.65,10.38,10.87,46.15
PL,G,2020,8.55,8.12,8.86,50.28
PL,H,2013,9.26,9.88,11.73,63.08
PL,H,2014,9.8,9.86,13.04,59.8
PL,H,2015,11.69,8.45,13.13,59.84
PL,H,2016,11.39,7.61,14.66,58.23
PL,H,2017,10.98,9.23,16.47,60.72
PL,H,2018,11.89,10.69,16.03,53.88
PL,H,2019,11.4,12.7,15.39,51.59
PL,H,2020,8.86,10.38,13.47,51.61
PL,I,2013,13.61,13.66,6.32,51.24
PL,I,2014,13.89,12.5,6.32,47.25
PL,I,2015,14.74,10.01,6.7,50.2
PL,I,2016,13.66,9.89,8.97,49.81
PL,I,2017,13.58,9.46,12.44,52.2
PL,I,2018,14.81,11.94,13.7,39.39
PL,I,2019,14.06,12.67,11.84,42.12
PL,I,2020,10.87,10.16,7.87,42.06
PL,J,2013,15.84,9.79,12.08,65.52
PL,J,2014,16.42,9.15,13.56,63.25
PL,J,2015,15.63,7.88,14.87,64.85
PL,J,2016,16.4,9.11,15.38,63.74
PL,J,2017,16.67,7.59,16.27,63.39
PL,J,2018,18.02,7.43,15.87,66.63
PL,J,2019,15.71,7.88,16.19,67.62
PL,J,2020,12.39,6.3,15.28,70.43
PL,L,2013,8.5,7.21,3.78,67.03
PL,L,2014,10.47,6.89,3.63,65.93
PL,L,2015,10.14,6.32,4.56,66.84
PL,L,2016,10.59,8.12,4.87,63.21
PL,L,2017,10.41,6.75,5.3,61.42
PL,L,2018,11.63,7.16,4.55,57.87
PL,L,2019,11.4,7.94,4.87,56.21
PL,L,2020,8.96,7.27,4.52,58.6
PL,M,2013,12.47,8.02,8.4,67.96
PL,M,2014,12.81,7.51,10.1,65.94
PL,M,2015,12.03,6.91,10.65,66.68
PL,M,2016,12.16,7.96,11.85,65.45
PL,M,2017,11.84,7.55,12.04,63.9
PL,M,2018,12.62,7.51,11.4,62.77
PL,M,2019,11.23,8.18,12.35,61.37
PL,M,2020,8.83,7.0,12.04,63.37
PL,N,2013,18.25,13.66,9.29,50.98
PL,N,2014,19.53,13.63,12.11,50.25
PL,N,2015,17.1,11.83,11.98,51.96
PL,N,2016,16.95,11.86,12.9,47.19
PL,N,2017,16.88,11.75,15.87,47.06
PL,N,2018,18.23,13.0,16.76,44.24
PL,N,2019,16.97,13.33,14.49,44.56
PL,N,2020,13.31,11.94,11.44,47.01
PT,B,2013,8.64,9.25,5.16,58.73
PT,B,2014,8.26,9.53,4.27,46.94
PT,B,2015,6.19,8.16,4.65,70.73
PT,B,2016,6.41,5.45,5.58,56.0
PT,B,2017,6.69,7.44,8.22,50.55
PT,B,2018,5.97,4.4,10.19,57.58
PT,B,2019,3.82,5.49,13.17,55.22
PT,B,2020,5.38,6.26,13.17,52.11
PT,C,2013,10.18,8.97,8.23,54.07
PT,C,2014,9.9,8.87,9.23,55.63
PT,C,2015,9.78,8.46,11.39,56.3
PT,C,2016,8.81,7.8,12.47,59.36
PT,C,2017,8.55,7.5,13.89,58.57
PT,C,2018,8.86,7.74,14.04,59.09
PT,C,2019,8.4,8.59,12.5,58.31
PT,C,2020,7.1,8.06,10.42,55.93
PT,D,2013,13.51,12.65,6.0,65.12
PT,D,2014,14.13,4.78,9.8,57.14
PT,D,2015,25.48,5.05,12.73,41.56
PT,D,2016,69.37,2.11,7.02,56.0
PT,D,2017,5.42,3.0,7.81,77.44
PT,D,2018,9.32,3.02,15.38,77.6
PT,D,2019,5.71,3.07,13.24,88.4
PT,D,2020,4.23,3.5,17.65,79.55
PT,E,2013,11.52,8.01,8.92,66.06
PT,E,2014,9.82,10.38,6.9,55.1
PT,E,2015,13.23,10.46,11.48,56.39
PT,E,2016,8.06,7.57,14.2,59.57
PT,E,2017,6.89,10.09,14.58,65.85
PT,E,2018,14.14,7.58,12.17,49.7
PT,E,2019,9.43,7.44,14.08,55.56
PT,E,2020,6.16,6.86,11.7,63.1
PT,F,2013,10.69,12.84,7.17,40.37
PT,F,2014,10.88,11.29,7.68,43.36
PT,F,2015,11.9,10.47,10.83,47.43
PT,F,2016,11.62,9.31,13.52,52.56
PT,F,2017,12.27,8.92,15.81,50.32
PT,F,2018,13.3,8.36,15.78,53.52
PT,F,2019,13.29,9.5,15.44,54.72
PT,F,2020,10.61,9.22,14.13,54.72
PT,G,2013,12.48,11.95,6.51,43.88
PT,G,2014,11.48,11.24,7.2,45.34
PT,G,2015,11.71,11.01,9.02,47.74
PT,G,2016,10.69,10.49,11.3,52.96
PT,G,2017,10.24,10.16,12.21,50.29
PT,G,2018,10.36,9.66,12.82,51.23
PT,G,2019,9.79,10.47,12.37,50.54
PT,G,2020,8.59,9.97,9.85,48.55
PT,H,2013,6.98,7.92,11.54,56.83
PT,H,2014,6.71,7.87,11.84,55.94
PT,H,2015,7.05,7.33,15.88,59.89
PT,H,2016,7.78,6.67,18.18,61.68
PT,H,2017,10.36,7.54,17.86,59.06
PT,H,2018,16.54,8.05,18.28,61.07
PT,H,2019,24.46,10.88,17.53,56.9
PT,H,2020,17.03,12.55,13.71,48.2
PT,I,2013,14.93,13.3,5.73,40.58
PT,I,2014,15.47,12.96,5.27,42.84
PT,I,2015,19.99,12.33,8.33,45.34
PT,I,2016,17.43,11.88,10.79,49.76
PT,I,2017,17.88,11.77,13.63,50.31
PT,I,2018,18.12,11.53,13.76,54.45
PT,I,2019,14.96,14.72,13.5,53.91
PT,I,2020,9.56,13.93,8.22,52.56
PT,J,2013,16.28,13.94,13.23,42.24
PT,J,2014,16.52,13.38,16.1,47.45
PT,J,2015,17.27,12.96,19.18,47.57
PT,J,2016,17.32,12.41,19.64,53.22
PT,J,2017,18.29,12.43,19.58,50.92
PT,J,2018,19.5,12.52,20.23,50.45
PT,J,2019,20.07,13.88,20.55,51.09
PT,J,2020,15.63,13.34,20.42,47.84
PT,L,2013,9.64,8.46,5.37,54.79
PT,L,2014,11.94,7.37,9.24,56.59
PT,L,2015,13.87,6.8,7.85,59.95
PT,L,2016,15.42,6.66,10.43,63.69
PT,L,2017,17.09,7.01,12.23,65.64
PT,L,2018,16.94,7.38,12.15,65.12
PT,L,2019,15.25,8.14,11.73,67.88
PT,L,2020,11.96,7.74,10.48,65.5
PT,M,2013,11.34,10.88,9.11,41.85
PT,M,2014,12.14,10.6,10.06,44.83
PT,M,2015,13.03,10.39,11.04,45.84
PT,M,2016,12.92,9.97,13.04,49.08
PT,M,2017,13.55,10.16,13.45,48.99
PT,M,2018,13.21,10.36,15.11,48.66
PT,M,2019,12.34,10.4,15.85,47.71
PT,M,2020,10.93,10.33,15.1,48.25
PT,N,2013,27.56,24.94,11.48,22.95
PT,N,2014,27.98,24.03,12.38,25.15
PT,N,2015,28.62,23.15,16.48,26.1
PT,N,2016,28.11,22.98,17.57,28.48
PT,N,2017,28.33,23.29,18.74,30.55
PT,N,2018,27.54,25.86,19.28,31.11
PT,N,2019,28.67,24.46,19.08,28.82
PT,N,2020,21.52,24.25,16.26,27.36
RO,B,2013,9.94,0.74,3.61,54.62
RO,B,2014,12.04,12.22,3.37,55.37
RO,B,2015,7.18,6.34,2.58,50.0
RO,B,2016,8.14,6.8,1.52,62.04
RO,B,2017,5.32,11.02,2.29,60.31
RO,B,2018,9.4,8.57,2.97,55.84
RO,B,2019,9.95,11.88,2.47,43.96
RO,B,2020,9.77,9.49,4.26,53.57
RO,C,2013,12.24,6.67,2.81,98.13
RO,C,2014,8.36,8.57,2.82,56.41
RO,C,2015,10.13,6.83,2.42,58.8
RO,C,2016,8.29,6.79,2.76,69.3
RO,C,2017,9.72,7.76,2.6,60.45
RO,C,2018,11.32,8.57,2.33,65.94
RO,C,2019,11.51,9.92,1.87,59.96
RO,C,2020,10.01,7.18,1.23,66.57
RO,D,2013,25.27,0.22,3.38,37.3
RO,D,2014,25.18,19.2,1.96,31.6
RO,D,2015,13.39,13.03,0.49,43.11
RO,D,2016,11.6,10.68,0.48,49.42
RO,D,2017,7.74,13.9,0.53,54.75
RO,D,2018,9.05,9.05,1.02,51.61
RO,D,2019,6.99,12.72,2.25,46.95
RO,D,2020,5.97,7.13,1.73,43.88
RO,E,2013,17.88,3.24,2.27,62.16
RO,E,2014,12.93,15.56,1.33,52.77
RO,E,2015,11.78,9.08,1.94,48.12
RO,E,2016,9.63,9.46,2.29,57.62
RO,E,2017,10.65,9.4,2.83,57.21
RO,E,2018,10.64,9.39,2.81,57.68
RO,E,2019,9.29,8.36,3.14,62.39
RO,E,2020,7.66,8.4,2.38,68.44
RO,F,2013,15.3,6.63,1.52,70.91
RO,F,2014,11.94,11.73,1.35,51.16
RO,F,2015,13.42,8.63,1.72,52.55
RO,F,2016,13.16,8.65,2.21,63.01
RO,F,2017,14.42,9.61,1.84,57.25
RO,F,2018,14.37,10.09,1.68,61.69
RO,F,2019,15.85,12.09,1.85,58.21
RO,F,2020,14.49,8.21,2.33,63.29
RO,G,2013,15.52,5.24,2.05,93.79
RO,G,2014,8.87,9.02,2.11,53.43
RO,G,2015,10.43,8.58,2.03,55.38
RO,G,2016,8.77,8.63,2.79,66.4
RO,G,2017,9.01,8.46,2.9,58.09
RO,G,2018,8.59,9.47,2.63,61.64
RO,G,2019,9.26,11.52,2.47,60.27
RO,G,2020,8.84,7.23,1.57,62.49
RO,H,2013,11.76,4.42,4.39,97.79
RO,H,2014,10.17,6.58,4.13,67.72
RO,H,2015,11.03,5.79,3.98,69.78
RO,H,2016,10.86,5.37,5.4,74.7
RO,H,2017,11.78,6.42,4.7,71.66
RO,H,2018,11.85,6.82,4.42,74.34
RO,H,2019,11.63,7.15,4.01,68.92
RO,H,2020,12.01,6.87,2.8,69.57
RO,I,2013,18.74,3.52,1.56,61.23
RO,I,2014,12.44,11.59,1.14,48.4
RO,I,2015,14.1,9.43,1.49,49.13
RO,I,2016,12.9,9.9,2.32,61.97
RO,I,2017,12.81,10.03,2.22,50.21
RO,I,2018,12.1,10.84,2.08,58.62
RO,I,2019,12.91,11.13,1.89,54.83
RO,I,2020,10.95,9.31,0.75,58.67
RO,J,2013,22.72,8.35,5.53,
RO,J,2014,13.37,8.16,4.61,55.38
RO,J,2015,16.57,14.64,5.1,48.13
RO,J,2016,14.99,12.68,5.84,54.01
RO,J,2017,16.15,9.6,5.28,51.55
RO,J,2018,16.06,9.9,5.24,59.41
RO,J,2019,16.14,10.13,4.86,61.91
RO,J,2020,15.15,8.89,5.29,63.91
RO,L,2013,13.53,1.62,1.08,68.34
RO,L,2014,11.2,7.22,0.55,58.73
RO,L,2015,10.95,5.78,0.42,59.75
RO,L,2016,11.6,6.41,1.49,69.67
RO,L,2017,11.6,6.1,1.82,63.1
RO,L,2018,11.93,6.63,1.26,66.81
RO,L,2019,9.85,7.52,1.12,66.87
RO,L,2020,9.91,7.27,0.79,63.54
RO,M,2013,17.47,55.32,1.96,98.82
RO,M,2014,10.8,7.33,2.01,39.24
RO,M,2015,11.52,9.37,1.66,45.02
RO,M,2016,11.7,9.73,1.93,62.25
RO,M,2017,11.74,8.17,2.84,59.04
RO,M,2018,11.21,8.18,2.58,64.96
RO,M,2019,11.91,8.45,2.77,69.76
RO,M,2020,10.17,6.97,2.02,70.13
RO,N,2013,23.13,5.62,3.09,
RO,N,2014,11.97,7.97,2.37,54.87
RO,N,2015,12.95,13.04,2.08,53.51
RO,N,2016,11.59,11.32,3.28,57.34
RO,N,2017,12.34,8.86,3.2,52.61
RO,N,2018,11.66,9.76,2.41,60.58
RO,N,2019,14.26,9.94,2.2,60.13
RO,N,2020,12.03,8.11,1.9,63.31
SE,B,2013,3.17,6.22,12.12,83.87
SE,B,2014,4.39,4.78,9.68,85.19
SE,B,2015,2.25,4.37,6.78,69.23
SE,B,2016,2.14,3.07,6.12,96.0
SE,B,2017,3.81,3.29,13.21,85.29
SE,B,2018,2.63,2.37,7.55,94.12
SE,B,2019,2.46,2.85,12.0,87.5
SE,B,2020,2.83,4.5,8.47,93.1
SE,C,2013,4.98,5.63,10.8,77.42
SE,C,2014,5.06,5.01,8.99,76.62
SE,C,2015,5.23,5.06,8.94,79.06
SE,C,2016,5.0,5.15,9.87,79.07
SE,C,2017,4.82,5.09,10.97,79.22
SE,C,2018,4.69,4.74,11.22,77.41
SE,C,2019,4.6,4.98,9.74,79.05
SE,C,2020,5.53,5.23,12.29,79.94
SE,D,2013,4.59,2.76,11.54,95.58
SE,D,2014,11.11,2.27,7.63,95.71
SE,D,2015,16.23,2.44,8.19,93.69
SE,D,2016,4.56,20.81,7.17,86.11
SE,D,2017,1.21,25.88,9.43,50.5
SE,D,2018,1.74,12.1,5.39,31.38
SE,D,2019,2.37,6.62,8.37,46.38
SE,D,2020,2.59,4.57,16.94,87.27
SE,E,2013,6.33,4.4,18.33,80.52
SE,E,2014,6.2,4.82,15.32,75.7
SE,E,2015,5.64,5.5,14.62,82.86
SE,E,2016,6.41,4.42,11.07,80.0
SE,E,2017,6.52,4.41,13.06,82.98
SE,E,2018,5.68,3.08,13.01,73.26
SE,E,2019,5.53,4.76,14.92,81.0
SE,E,2020,6.45,4.15,18.66,79.05
SE,F,2013,6.72,6.33,13.64,73.57
SE,F,2014,7.02,5.77,12.99,74.31
SE,F,2015,7.12,5.58,12.56,76.05
SE,F,2016,6.95,5.7,14.09,75.95
SE,F,2017,6.59,5.61,14.9,76.19
SE,F,2018,6.12,5.27,15.28,76.59
SE,F,2019,5.94,5.38,14.12,79.43
SE,F,2020,6.95,5.25,14.49,79.05
SE,G,2013,7.55,8.12,11.56,67.31
SE,G,2014,7.75,7.48,10.59,68.82
SE,G,2015,7.5,7.39,10.04,69.41
SE,G,2016,7.14,7.29,10.19,68.87
SE,G,2017,6.72,7.13,10.38,69.18
SE,G,2018,6.44,6.85,10.76,70.12
SE,G,2019,6.32,7.15,9.34,70.58
SE,G,2020,7.65,7.01,15.84,70.87
SE,H,2013,5.01,5.94,14.59,76.99
SE,H,2014,5.46,5.72,13.99,76.52
SE,H,2015,5.25,5.68,13.42,77.26
SE,H,2016,6.08,5.45,14.34,76.15
SE,H,2017,5.82,5.06,14.57,78.61
SE,H,2018,6.12,5.14,15.49,78.12
SE,H,2019,6.42,5.31,13.63,79.95
SE,H,2020,6.95,5.95,16.88,79.59
SE,I,2013,8.18,7.35,11.87,63.12
SE,I,2014,8.28,7.21,10.62,62.94
SE,I,2015,8.44,7.35,10.43,64.71
SE,I,2016,7.8,7.15,10.41,64.24
SE,I,2017,7.63,7.0,10.01,66.6
SE,I,2018,7.19,7.07,9.41,68.85
SE,I,2019,7.3,6.88,9.4,67.99
SE,I,2020,6.8,7.01,11.15,68.0
SE,J,2013,8.53,6.78,20.26,77.84
SE,J,2014,8.41,6.49,18.18,77.73
SE,J,2015,8.15,6.07,18.46,78.59
SE,J,2016,8.17,6.35,18.37,77.5
SE,J,2017,7.88,6.08,20.18,80.34
SE,J,2018,7.76,5.53,20.05,79.37
SE,J,2019,7.5,5.54,19.44,80.8
SE,J,2020,7.82,5.7,21.2,81.73
SE,L,2013,4.83,4.29,11.17,89.62
SE,L,2014,5.6,3.31,10.26,84.88
SE,L,2015,6.18,3.21,10.83,89.77
SE,L,2016,6.44,3.22,10.67,90.21
SE,L,2017,5.54,3.1,12.01,88.6
SE,L,2018,4.78,2.89,12.03,90.46
SE,L,2019,4.8,2.8,11.26,90.01
SE,L,2020,4.85,2.72,18.87,91.96
SE,M,2013,7.43,6.38,17.22,77.28
SE,M,2014,7.38,5.72,14.74,77.64
SE,M,2015,7.18,5.47,14.56,79.87
SE,M,2016,7.08,5.84,15.55,80.12
SE,M,2017,6.79,5.56,16.81,79.86
SE,M,2018,6.64,5.11,18.61,80.81
SE,M,2019,6.33,5.31,17.26,81.15
SE,M,2020,6.69,5.52,17.49,82.27
SE,N,2013,9.94,8.56,19.06,71.38
SE,N,2014,9.69,7.74,16.74,68.26
SE,N,2015,9.33,7.47,16.95,70.07
SE,N,2016,8.92,7.4,18.61,70.3
SE,N,2017,8.34,7.01,19.53,72.38
SE,N,2018,8.23,6.82,18.33,71.88
SE,N,2019,8.46,6.85,17.16,72.87
SE,N,2020,8.79,6.83,19.99,75.37
SI,B,2013,7.48,7.48,3.85,75.0
SI,B,2014,2.0,3.0,0.0,16.67
SI,B,2015,5.0,3.0,3.23,33.33
SI,B,2016,7.0,6.0,10.34,50.0
SI,B,2017,3.09,7.22,13.79,50.0
SI,B,2018,6.45,10.75,16.0,40.0
SI,B,2019,11.34,10.31,14.81,28.57
SI,B,2020,3.41,2.27,11.54,33.33
SI,C,2013,10.89,6.35,7.95,70.39
SI,C,2014,8.09,6.15,7.18,71.33
SI,C,2015,7.03,6.8,10.04,69.3
SI,C,2016,7.08,7.18,13.28,65.38
SI,C,2017,6.84,5.15,16.02,68.62
SI,C,2018,6.54,5.36,16.96,70.29
SI,C,2019,6.33,5.56,15.61,67.08
SI,C,2020,6.29,4.13,11.24,68.17
SI,D,2013,16.18,3.44,7.32,80.79
SI,D,2014,6.77,4.95,12.2,85.79
SI,D,2015,3.09,5.03,6.82,89.13
SI,D,2016,3.41,4.07,0.0,75.1
SI,D,2017,2.77,7.62,9.52,68.52
SI,D,2018,2.01,2.22,7.32,52.08
SI,D,2019,1.89,3.41,4.88,57.69
SI,D,2020,2.56,2.12,5.41,48.78
SI,E,2013,12.8,8.89,6.78,42.86
SI,E,2014,9.75,11.65,4.96,47.3
SI,E,2015,5.48,8.45,4.17,41.27
SI,E,2016,7.62,9.93,3.97,44.07
SI,E,2017,7.4,7.64,3.17,45.65
SI,E,2018,6.25,6.01,4.8,45.83
SI,E,2019,3.92,5.39,4.8,84.85
SI,E,2020,3.01,3.01,2.38,51.61
SI,F,2013,10.33,10.72,7.23,55.25
SI,F,2014,9.97,9.86,7.38,59.09
SI,F,2015,8.74,9.76,6.93,58.95
SI,F,2016,7.65,11.33,7.69,61.4
SI,F,2017,8.22,7.75,8.88,61.63
SI,F,2018,8.98,6.92,12.57,63.81
SI,F,2019,8.87,6.53,12.41,61.42
SI,F,2020,8.66,3.79,11.09,65.67
SI,G,2013,11.01,9.17,7.78,61.44
SI,G,2014,9.52,7.97,6.04,60.18
SI,G,2015,9.4,9.3,7.07,59.61
SI,G,2016,8.87,9.69,9.1,63.33
SI,G,2017,8.54,8.33,9.31,62.28
SI,G,2018,8.05,7.67,10.96,62.79
SI,G,2019,7.61,7.74,12.05,57.3
SI,G,2020,6.91,4.66,8.78,58.9
SI,H,2013,8.23,8.5,16.27,66.0
SI,H,2014,6.95,8.01,11.68,63.13
SI,H,2015,8.84,8.18,11.98,57.98
SI,H,2016,7.93,9.59,14.55,63.66
SI,H,2017,8.04,6.88,19.4,65.24
SI,H,2018,7.9,6.75,20.15,56.3
SI,H,2019,7.86,7.61,18.35,65.67
SI,H,2020,6.57,4.77,14.95,65.65
SI,I,2013,23.04,11.17,4.2,51.52
SI,I,2014,14.42,9.85,7.16,53.51
SI,I,2015,14.71,11.12,7.36,51.62
SI,I,2016,15.74,11.97,11.44,55.79
SI,I,2017,16.94,10.18,10.97,52.02
SI,I,2018,20.31,10.14,13.68,51.43
SI,I,2019,20.29,12.67,12.87,53.35
SI,I,2020,15.46,16.19,7.95,53.57
SI,J,2013,14.69,8.49,5.72,68.31
SI,J,2014,16.21,7.59,9.22,65.29
SI,J,2015,13.84,7.97,9.63,70.26
SI,J,2016,13.05,8.76,12.15,71.23
SI,J,2017,12.52,8.78,12.58,70.8
SI,J,2018,13.11,9.99,16.77,68.18
SI,J,2019,11.95,8.77,18.98,63.33
SI,J,2020,10.88,5.84,17.69,61.67
SI,L,2013,10.88,6.9,2.86,74.27
SI,L,2014,7.63,5.53,6.76,68.25
SI,L,2015,10.14,7.03,4.62,73.83
SI,L,2016,12.34,8.03,4.69,75.82
SI,L,2017,12.61,5.29,10.29,72.96
SI,L,2018,13.94,6.0,2.7,74.45
SI,L,2019,13.24,6.77,2.9,73.77
SI,L,2020,9.67,4.16,6.45,75.25
SI,M,2013,14.82,8.6,7.08,66.96
SI,M,2014,13.03,7.93,7.69,65.31
SI,M,2015,12.86,8.7,7.78,66.02
SI,M,2016,12.34,9.12,7.35,67.58
SI,M,2017,11.91,8.4,10.1,66.61
SI,M,2018,11.62,8.55,13.08,66.23
SI,M,2019,11.15,8.72,13.76,62.08
SI,M,2020,9.99,6.06,12.08,61.53
SI,N,2013,22.01,11.6,13.31,60.07
SI,N,2014,16.45,10.5,11.29,57.25
SI,N,2015,17.22,12.09,12.9,63.63
SI,N,2016,15.44,12.2,16.06,61.61
SI,N,2017,15.07,11.08,18.24,58.63
SI,N,2018,13.89,10.54,17.68,60.83
SI,N,2019,14.68,11.45,15.93,57.16
SI,N,2020,11.98,10.22,11.48,58.81
SK,B,2013,9.63,3.21,9.09,40.91
SK,B,2014,17.29,6.54,3.33,59.09
SK,B,2015,11.11,4.89,10.34,78.57
SK,B,2016,10.39,7.36,11.67,55.56
SK,B,2017,8.52,7.62,8.77,64.86
SK,B,2018,9.78,3.11,14.55,64.0
SK,B,2019,9.09,7.02,5.66,58.33
SK,B,2020,16.24,4.06,4.08,68.42
SK,C,2013,8.64,12.49,13.41,58.26
SK,C,2014,19.57,9.85,12.53,56.04
SK,C,2015,10.04,9.15,13.41,60.46
SK,C,2016,10.25,8.32,14.76,66.05
SK,C,2017,14.06,8.26,15.72,60.86
SK,C,2018,13.31,7.85,15.17,60.45
SK,C,2019,12.16,9.64,12.76,67.07
SK,C,2020,9.38,7.72,7.89,67.3
SK,D,2013,4.47,3.4,4.7,45.92
SK,D,2014,6.16,1.99,8.78,56.0
SK,D,2015,7.2,1.66,9.49,90.0
SK,D,2016,1.26,3.07,7.3,95.24
SK,D,2017,1.27,1.64,2.99,77.42
SK,D,2018,2.6,2.6,3.62,84.62
SK,D,2019,0.68,3.24,3.6,57.14
SK,D,2020,1.02,3.22,2.19,71.43
SK,E,2013,9.33,9.33,6.75,52.54
SK,E,2014,15.15,7.7,5.33,54.55
SK,E,2015,15.22,8.09,10.49,70.11
SK,E,2016,10.37,6.67,12.12,73.79
SK,E,2017,10.79,6.5,8.09,64.86
SK,E,2018,11.34,5.6,12.22,70.73
SK,E,2019,11.32,8.57,9.09,69.23
SK,E,2020,12.14,4.84,5.85,77.56
SK,F,2013,9.75,15.32,6.86,54.61
SK,F,2014,22.87,12.14,8.43,49.5
SK,F,2015,10.75,10.56,9.16,54.53
SK,F,2016,12.34,10.01,9.61,60.13
SK,F,2017,16.01,9.77,10.58,56.9
SK,F,2018,15.45,9.36,9.93,57.56
SK,F,2019,14.99,11.4,11.27,60.53
SK,F,2020,11.68,10.07,9.42,60.34
SK,G,2013,8.0,13.12,7.82,49.91
SK,G,2014,14.11,10.45,9.99,49.65
SK,G,2015,9.18,8.93,10.62,56.92
SK,G,2016,9.52,8.5,11.2,61.82
SK,G,2017,6.82,8.3,11.71,54.75
SK,G,2018,6.1,7.99,12.5,61.75
SK,G,2019,5.94,9.59,10.86,62.38
SK,G,2020,5.7,7.75,7.92,54.13
SK,H,2013,11.22,15.27,15.97,58.88
SK,H,2014,23.84,11.42,17.2,52.48
SK,H,2015,14.16,11.06,15.94,57.61
SK,H,2016,12.49,10.14,16.98,67.34
SK,H,2017,15.96,10.66,14.0,55.65
SK,H,2018,15.16,11.08,14.03,54.43
SK,H,2019,15.18,15.38,12.62,54.49
SK,H,2020,14.36,10.02,11.14,51.05
SK,I,2013,9.4,13.67,5.55,54.5
SK,I,2014,15.92,10.75,11.29,52.92
SK,I,2015,11.89,9.32,11.56,57.19
SK,I,2016,9.1,9.22,10.75,63.46
SK,I,2017,10.62,9.07,12.77,59.83
SK,I,2018,10.88,8.83,11.9,62.38
SK,I,2019,11.54,10.44,11.71,62.01
SK,I,2020,10.54,7.34,4.79,60.71
SK,J,2013,14.86,10.6,16.49,59.4
SK,J,2014,24.2,9.53,15.01,56.33
SK,J,2015,12.96,7.99,14.17,65.71
SK,J,2016,11.31,7.88,13.19,71.16
SK,J,2017,16.34,7.23,14.18,59.69
SK,J,2018,15.39,7.05,12.98,64.89
SK,J,2019,14.46,8.82,12.71,67.47
SK,J,2020,11.98,7.29,12.17,67.47
SK,L,2013,9.52,6.47,7.3,49.97
SK,L,2014,16.2,5.44,7.47,43.99
SK,L,2015,17.35,5.08,10.34,59.51
SK,L,2016,8.13,5.89,9.13,74.07
SK,L,2017,9.8,5.4,9.35,73.86
SK,L,2018,9.5,5.29,10.27,72.63
SK,L,2019,9.0,6.33,9.8,68.36
SK,L,2020,8.76,3.36,8.97,71.79
SK,M,2013,10.82,9.65,7.93,55.75
SK,M,2014,20.2,8.87,11.11,55.71
SK,M,2015,13.61,7.79,12.65,63.2
SK,M,2016,10.77,7.63,11.97,72.05
SK,M,2017,13.47,7.39,11.36,60.05
SK,M,2018,13.1,7.43,12.54,64.22
SK,M,2019,11.54,9.03,11.89,64.31
SK,M,2020,10.28,7.38,9.79,64.3
SK,N,2013,18.28,11.69,12.52,50.86
SK,N,2014,29.42,10.34,14.29,51.63
SK,N,2015,18.57,9.91,14.06,57.26
SK,N,2016,14.69,9.66,15.67,69.79
SK,N,2017,19.0,9.53,14.72,59.68
SK,N,2018,16.69,9.54,13.29,62.39
SK,N,2019,18.33,10.86,12.45,61.26
SK,N,2020,15.34,7.95,10.74,60.24
